"contract_id","lane","file","line","control_type","control_id","control_label","handlers","action_class","backend_slots","data_effect","preconditions","postconditions","current_status","priority","target_state"
"NP02-0001","Home Hub","src\qml\views\HomeGrid.qml","528","TextField","omniInput","omniInput","onAccepted","command","handleOmniSearchCommand|getHomeDashboardSummary","Routes omni-search commands into target module/view actions. Reads dashboard aggregates for home hub cards and counters.","Required form fields must pass validation before command execution.","Requested backend operation completes with success/failure feedback and observable state change.","wired","P1","live"
"NP02-0002","Home Hub","src\qml\views\HomeGrid.qml","1470","MouseArea","","(no_label)","onClicked","command","getHomeDashboardSummary","Reads dashboard aggregates for home hub cards and counters.","Required form fields must pass validation before command execution.","Requested backend operation completes with success/failure feedback and observable state change.","wired","P1","live"
"NP02-0003","Home Hub","src\qml\views\HomeGrid.qml","1494","MouseArea","","(no_label)","onClicked","command","getHomeDashboardSummary","Reads dashboard aggregates for home hub cards and counters.","Required form fields must pass validation before command execution.","Requested backend operation completes with success/failure feedback and observable state change.","wired","P1","live"
"NP02-0004","Main Module Host","src\qml\views\MainContent.qml","1503","TitleBarButton","","(no_label)","onClicked","command","getHomeDashboardSummary|recordUndockRequest","Reads dashboard aggregates for home hub cards and counters. Records undock telemetry/state for shell window routing.","Required form fields must pass validation before command execution.","Requested backend operation completes with success/failure feedback and observable state change.","wired","P1","live"
"NP02-0005","Main Module Host","src\qml\views\MainContent.qml","1519","TitleBarButton","","(no_label)","onClicked","command","getHomeDashboardSummary|recordUndockRequest","Reads dashboard aggregates for home hub cards and counters. Records undock telemetry/state for shell window routing.","Required form fields must pass validation before command execution.","Requested backend operation completes with success/failure feedback and observable state change.","wired","P1","live"
"NP02-0006","Main Module Host","src\qml\views\MainContent.qml","1537","TitleBarButton","","(no_label)","onClicked","command","getHomeDashboardSummary|recordUndockRequest","Reads dashboard aggregates for home hub cards and counters. Records undock telemetry/state for shell window routing.","Required form fields must pass validation before command execution.","Requested backend operation completes with success/failure feedback and observable state change.","wired","P1","live"
"NP02-0007","Main Module Host","src\qml\views\MainContent.qml","1553","TitleBarButton","closeButton","closeButton","","state_binding","getHomeDashboardSummary|recordUndockRequest","Reads dashboard aggregates for home hub cards and counters. Records undock telemetry/state for shell window routing.","Control binding must evaluate in active context without runtime errors.","Control state/binding updates without side effects or stale state.","unwired","P1","live"
"NP02-0008","Main Module Host","src\qml\views\MainContent.qml","2068","PillButton","","""Cancel""","onClicked","command","getHomeDashboardSummary|recordUndockRequest","Reads dashboard aggregates for home hub cards and counters. Records undock telemetry/state for shell window routing.","Required form fields must pass validation before command execution.","Requested backend operation completes with success/failure feedback and observable state change.","wired","P1","live"
"NP02-0009","Placeholder Host (multi-lane)","src\qml\views\PlaceholderSubmenuView.qml","2603","ModernTextField","queryInput","""""","onTextChanged","input_change","saveClientProfile|saveMatterProfile","Creates/updates client profile and related directory fields. Creates/updates matter profile and related directory fields.","Field must accept user input and stay within type/format rules. Placeholder behavior must be replaced by live workflow implementation.","Derived values and dirty-state tracking update immediately and consistently.","placeholder","P1","live"
"NP02-0010","Placeholder Host (multi-lane)","src\qml\views\PlaceholderSubmenuView.qml","2620","ModernTextField","ownerInput","""Assigned User""","onTextChanged","input_change","saveClientProfile|saveMatterProfile","Creates/updates client profile and related directory fields. Creates/updates matter profile and related directory fields.","Field must accept user input and stay within type/format rules. Placeholder behavior must be replaced by live workflow implementation.","Derived values and dirty-state tracking update immediately and consistently.","placeholder","P1","live"
"NP02-0011","Placeholder Host (multi-lane)","src\qml\views\PlaceholderSubmenuView.qml","2633","ModernComboBox","statusCombo","statusCombo","onActivated, onEditTextChanged","selection_change","saveClientProfile|saveMatterProfile","Creates/updates client profile and related directory fields. Creates/updates matter profile and related directory fields.","Lookup/model options must be loaded before selection change. Placeholder behavior must be replaced by live workflow implementation.","Dependent fields/lists refresh and remain coherent with selected value.","placeholder","P1","live"
"NP02-0012","Placeholder Host (multi-lane)","src\qml\views\PlaceholderSubmenuView.qml","2647","ModernTextField","","String(root.activeNodeId || """")","","state_binding","saveClientProfile|saveMatterProfile","Creates/updates client profile and related directory fields. Creates/updates matter profile and related directory fields.","Control binding must evaluate in active context without runtime errors. Placeholder behavior must be replaced by live workflow implementation.","Control state/binding updates without side effects or stale state.","placeholder","P1","live"
"NP02-0013","Placeholder Host (multi-lane)","src\qml\views\PlaceholderSubmenuView.qml","2678","ModernTextField","directorySearchInput","root.clientDirectoryQuery","onTextChanged","input_change","listClientDirectory","Reads client directory rows for listing/search.","Field must accept user input and stay within type/format rules. Placeholder behavior must be replaced by live workflow implementation.","Derived values and dirty-state tracking update immediately and consistently.","placeholder","P1","live"
"NP02-0014","Placeholder Host (multi-lane)","src\qml\views\PlaceholderSubmenuView.qml","2692","PillButton","","""All""","onClicked","command","saveClientProfile|saveMatterProfile","Creates/updates client profile and related directory fields. Creates/updates matter profile and related directory fields.","Required form fields must pass validation before command execution. Placeholder behavior must be replaced by live workflow implementation.","Requested backend operation completes with success/failure feedback and observable state change.","placeholder","P1","live"
"NP02-0015","Placeholder Host (multi-lane)","src\qml\views\PlaceholderSubmenuView.qml","2706","PillButton","","""Active""","onClicked","command","saveClientProfile|saveMatterProfile","Creates/updates client profile and related directory fields. Creates/updates matter profile and related directory fields.","Required form fields must pass validation before command execution. Placeholder behavior must be replaced by live workflow implementation.","Requested backend operation completes with success/failure feedback and observable state change.","placeholder","P1","live"
"NP02-0016","Placeholder Host (multi-lane)","src\qml\views\PlaceholderSubmenuView.qml","2826","ModernComboBox","profileClientCombo","profileClientCombo","onActivated, onEditTextChanged","selection_change","listClientNames|listClientDirectory|getClientProfile|saveClientProfile","Reads active client list for selectors. Reads client directory rows for listing/search. Reads full client profile payload for edit/view. Creates/updates client profile and related directory fields.","Lookup/model options must be loaded before selection change. Placeholder behavior must be replaced by live workflow implementation.","Dependent fields/lists refresh and remain coherent with selected value.","placeholder","P1","live"
"NP02-0017","Placeholder Host (multi-lane)","src\qml\views\PlaceholderSubmenuView.qml","2844","PillButton","","""Load Profile""","onClicked","command","getClientProfile","Reads full client profile payload for edit/view.","Required form fields must pass validation before command execution. Placeholder behavior must be replaced by live workflow implementation.","Requested backend operation completes with success/failure feedback and observable state change.","placeholder","P0","live"
"NP02-0018","Placeholder Host (multi-lane)","src\qml\views\PlaceholderSubmenuView.qml","2855","PillButton","","""Edit Client""","onClicked","command","saveClientProfile","Creates/updates client profile and related directory fields.","Required form fields must pass validation before command execution. Placeholder behavior must be replaced by live workflow implementation.","Requested backend operation completes with success/failure feedback and observable state change.","placeholder","P1","live"
"NP02-0019","Placeholder Host (multi-lane)","src\qml\views\PlaceholderSubmenuView.qml","2866","PillButton","","""Directory""","onClicked","command","listClientDirectory","Reads client directory rows for listing/search.","Required form fields must pass validation before command execution. Placeholder behavior must be replaced by live workflow implementation.","Requested backend operation completes with success/failure feedback and observable state change.","placeholder","P1","live"
"NP02-0020","Placeholder Host (multi-lane)","src\qml\views\PlaceholderSubmenuView.qml","3041","PillButton","","""Any""","onClicked","command","searchGlobalEntities","Runs global entity search across clients/matters/keys.","Required form fields must pass validation before command execution. Placeholder behavior must be replaced by live workflow implementation.","Requested backend operation completes with success/failure feedback and observable state change.","placeholder","P1","live"
"NP02-0021","Placeholder Host (multi-lane)","src\qml\views\PlaceholderSubmenuView.qml","3052","PillButton","","""Boolean""","onClicked","command","searchGlobalEntities","Runs global entity search across clients/matters/keys.","Required form fields must pass validation before command execution. Placeholder behavior must be replaced by live workflow implementation.","Requested backend operation completes with success/failure feedback and observable state change.","placeholder","P1","live"
"NP02-0022","Placeholder Host (multi-lane)","src\qml\views\PlaceholderSubmenuView.qml","3261","ModernTextField","matterDirectorySearchInput","root.matterDirectoryQuery","onTextChanged","input_change","listMatterDirectory","Reads matter directory rows for listing/search.","Field must accept user input and stay within type/format rules. Placeholder behavior must be replaced by live workflow implementation.","Derived values and dirty-state tracking update immediately and consistently.","placeholder","P1","live"
"NP02-0023","Placeholder Host (multi-lane)","src\qml\views\PlaceholderSubmenuView.qml","3275","PillButton","","""All""","onClicked","command","saveClientProfile|saveMatterProfile","Creates/updates client profile and related directory fields. Creates/updates matter profile and related directory fields.","Required form fields must pass validation before command execution. Placeholder behavior must be replaced by live workflow implementation.","Requested backend operation completes with success/failure feedback and observable state change.","placeholder","P1","live"
"NP02-0024","Placeholder Host (multi-lane)","src\qml\views\PlaceholderSubmenuView.qml","3289","PillButton","","""Active""","onClicked","command","saveClientProfile|saveMatterProfile","Creates/updates client profile and related directory fields. Creates/updates matter profile and related directory fields.","Required form fields must pass validation before command execution. Placeholder behavior must be replaced by live workflow implementation.","Requested backend operation completes with success/failure feedback and observable state change.","placeholder","P1","live"
"NP02-0025","Placeholder Host (multi-lane)","src\qml\views\PlaceholderSubmenuView.qml","3409","ModernComboBox","profileMatterCombo","profileMatterCombo","onActivated, onEditTextChanged","selection_change","listMatterNames|listMatterDirectory|getMatterProfile|saveMatterProfile|previewMatterNumber","Reads matter list for selectors. Reads matter directory rows for listing/search. Reads full matter profile payload for edit/view. Creates/updates matter profile and related directory fields. Calculates suggested matter number from client/type/date.","Lookup/model options must be loaded before selection change. Placeholder behavior must be replaced by live workflow implementation.","Dependent fields/lists refresh and remain coherent with selected value.","placeholder","P1","live"
"NP02-0026","Placeholder Host (multi-lane)","src\qml\views\PlaceholderSubmenuView.qml","3427","PillButton","","""Load Profile""","onClicked","command","getMatterProfile","Reads full matter profile payload for edit/view.","Required form fields must pass validation before command execution. Placeholder behavior must be replaced by live workflow implementation.","Requested backend operation completes with success/failure feedback and observable state change.","placeholder","P0","live"
"NP02-0027","Placeholder Host (multi-lane)","src\qml\views\PlaceholderSubmenuView.qml","3438","PillButton","","""Edit Matter""","onClicked","command","saveMatterProfile","Creates/updates matter profile and related directory fields.","Required form fields must pass validation before command execution. Placeholder behavior must be replaced by live workflow implementation.","Requested backend operation completes with success/failure feedback and observable state change.","placeholder","P1","live"
"NP02-0028","Placeholder Host (multi-lane)","src\qml\views\PlaceholderSubmenuView.qml","3449","PillButton","","""Directory""","onClicked","command","listClientDirectory","Reads client directory rows for listing/search.","Required form fields must pass validation before command execution. Placeholder behavior must be replaced by live workflow implementation.","Requested backend operation completes with success/failure feedback and observable state change.","placeholder","P1","live"
"NP02-0029","Placeholder Host (multi-lane)","src\qml\views\PlaceholderSubmenuView.qml","3651","ModernTextField","clientNameInput","clientNameInput","onTextChanged","input_change","listClientNames|listClientDirectory|getClientProfile|saveClientProfile","Reads active client list for selectors. Reads client directory rows for listing/search. Reads full client profile payload for edit/view. Creates/updates client profile and related directory fields.","Field must accept user input and stay within type/format rules. Placeholder behavior must be replaced by live workflow implementation.","Derived values and dirty-state tracking update immediately and consistently.","placeholder","P1","live"
"NP02-0030","Placeholder Host (multi-lane)","src\qml\views\PlaceholderSubmenuView.qml","3667","ModernTextField","legalNameInput","legalNameInput","onTextChanged","input_change","saveClientProfile|saveMatterProfile","Creates/updates client profile and related directory fields. Creates/updates matter profile and related directory fields.","Field must accept user input and stay within type/format rules. Placeholder behavior must be replaced by live workflow implementation.","Derived values and dirty-state tracking update immediately and consistently.","placeholder","P1","live"
"NP02-0031","Placeholder Host (multi-lane)","src\qml\views\PlaceholderSubmenuView.qml","3687","ModernComboBox","entityTypeCombo","entityTypeCombo","onActivated, onEditTextChanged","selection_change","saveClientProfile|saveMatterProfile","Creates/updates client profile and related directory fields. Creates/updates matter profile and related directory fields.","Lookup/model options must be loaded before selection change. Placeholder behavior must be replaced by live workflow implementation.","Dependent fields/lists refresh and remain coherent with selected value.","placeholder","P1","live"
"NP02-0032","Placeholder Host (multi-lane)","src\qml\views\PlaceholderSubmenuView.qml","3710","ModernComboBox","clientStatusCombo","clientStatusCombo","onActivated, onEditTextChanged","selection_change","listClientNames|listClientDirectory|getClientProfile|saveClientProfile","Reads active client list for selectors. Reads client directory rows for listing/search. Reads full client profile payload for edit/view. Creates/updates client profile and related directory fields.","Lookup/model options must be loaded before selection change. Placeholder behavior must be replaced by live workflow implementation.","Dependent fields/lists refresh and remain coherent with selected value.","placeholder","P1","live"
"NP02-0033","Placeholder Host (multi-lane)","src\qml\views\PlaceholderSubmenuView.qml","3724","ModernTextField","principalNameInput","principalNameInput","onTextChanged","input_change","saveClientProfile|saveMatterProfile","Creates/updates client profile and related directory fields. Creates/updates matter profile and related directory fields.","Field must accept user input and stay within type/format rules. Placeholder behavior must be replaced by live workflow implementation.","Derived values and dirty-state tracking update immediately and consistently.","placeholder","P1","live"
"NP02-0034","Placeholder Host (multi-lane)","src\qml\views\PlaceholderSubmenuView.qml","3744","ModernTextField","principalPositionInput","principalPositionInput","onTextChanged","input_change","saveClientProfile|saveMatterProfile","Creates/updates client profile and related directory fields. Creates/updates matter profile and related directory fields.","Field must accept user input and stay within type/format rules. Placeholder behavior must be replaced by live workflow implementation.","Derived values and dirty-state tracking update immediately and consistently.","placeholder","P1","live"
"NP02-0035","Placeholder Host (multi-lane)","src\qml\views\PlaceholderSubmenuView.qml","3755","ModernTextField","primaryEmailInput","primaryEmailInput","onTextChanged","input_change","saveClientProfile|saveMatterProfile","Creates/updates client profile and related directory fields. Creates/updates matter profile and related directory fields.","Field must accept user input and stay within type/format rules. Placeholder behavior must be replaced by live workflow implementation.","Derived values and dirty-state tracking update immediately and consistently.","placeholder","P1","live"
"NP02-0036","Placeholder Host (multi-lane)","src\qml\views\PlaceholderSubmenuView.qml","3771","ModernTextField","primaryPhoneInput","primaryPhoneInput","onEditingFinished, onTextChanged","input_change","saveClientProfile|saveMatterProfile","Creates/updates client profile and related directory fields. Creates/updates matter profile and related directory fields.","Field must accept user input and stay within type/format rules. Placeholder behavior must be replaced by live workflow implementation.","Derived values and dirty-state tracking update immediately and consistently.","placeholder","P1","live"
"NP02-0037","Placeholder Host (multi-lane)","src\qml\views\PlaceholderSubmenuView.qml","3783","ModernTextField","secondaryContactInput","secondaryContactInput","onTextChanged","input_change","saveClientProfile|saveMatterProfile","Creates/updates client profile and related directory fields. Creates/updates matter profile and related directory fields.","Field must accept user input and stay within type/format rules. Placeholder behavior must be replaced by live workflow implementation.","Derived values and dirty-state tracking update immediately and consistently.","placeholder","P1","live"
"NP02-0038","Placeholder Host (multi-lane)","src\qml\views\PlaceholderSubmenuView.qml","3794","ModernTextField","secondaryPositionInput","secondaryPositionInput","onTextChanged","input_change","saveClientProfile|saveMatterProfile","Creates/updates client profile and related directory fields. Creates/updates matter profile and related directory fields.","Field must accept user input and stay within type/format rules. Placeholder behavior must be replaced by live workflow implementation.","Derived values and dirty-state tracking update immediately and consistently.","placeholder","P1","live"
"NP02-0039","Placeholder Host (multi-lane)","src\qml\views\PlaceholderSubmenuView.qml","3805","ModernTextField","secondaryEmailInput","secondaryEmailInput","onTextChanged","input_change","saveClientProfile|saveMatterProfile","Creates/updates client profile and related directory fields. Creates/updates matter profile and related directory fields.","Field must accept user input and stay within type/format rules. Placeholder behavior must be replaced by live workflow implementation.","Derived values and dirty-state tracking update immediately and consistently.","placeholder","P1","live"
"NP02-0040","Placeholder Host (multi-lane)","src\qml\views\PlaceholderSubmenuView.qml","3816","ModernTextField","secondaryPhoneInput","secondaryPhoneInput","onEditingFinished, onTextChanged","input_change","saveClientProfile|saveMatterProfile","Creates/updates client profile and related directory fields. Creates/updates matter profile and related directory fields.","Field must accept user input and stay within type/format rules. Placeholder behavior must be replaced by live workflow implementation.","Derived values and dirty-state tracking update immediately and consistently.","placeholder","P1","live"
"NP02-0041","Placeholder Host (multi-lane)","src\qml\views\PlaceholderSubmenuView.qml","3828","ModernComboBox","parentClientCombo","parentClientCombo","onActivated, onEditTextChanged","selection_change","listParentNames|saveClientProfile|saveMatterProfile","Reads parent client names for relational selectors. Creates/updates client profile and related directory fields. Creates/updates matter profile and related directory fields.","Lookup/model options must be loaded before selection change. Placeholder behavior must be replaced by live workflow implementation.","Dependent fields/lists refresh and remain coherent with selected value.","placeholder","P1","live"
"NP02-0042","Placeholder Host (multi-lane)","src\qml\views\PlaceholderSubmenuView.qml","3841","ModernComboBox","onboardingCombo","onboardingCombo","onActivated, onEditTextChanged","selection_change","saveClientProfile|saveMatterProfile","Creates/updates client profile and related directory fields. Creates/updates matter profile and related directory fields.","Lookup/model options must be loaded before selection change. Placeholder behavior must be replaced by live workflow implementation.","Dependent fields/lists refresh and remain coherent with selected value.","placeholder","P1","live"
"NP02-0043","Placeholder Host (multi-lane)","src\qml\views\PlaceholderSubmenuView.qml","3855","ModernTextField","addressLine1Input","addressLine1Input","onTextChanged","input_change","saveClientProfile|saveMatterProfile","Creates/updates client profile and related directory fields. Creates/updates matter profile and related directory fields.","Field must accept user input and stay within type/format rules. Placeholder behavior must be replaced by live workflow implementation.","Derived values and dirty-state tracking update immediately and consistently.","placeholder","P1","live"
"NP02-0044","Placeholder Host (multi-lane)","src\qml\views\PlaceholderSubmenuView.qml","3866","ModernTextField","addressLine2Input","addressLine2Input","onTextChanged","input_change","saveClientProfile|saveMatterProfile","Creates/updates client profile and related directory fields. Creates/updates matter profile and related directory fields.","Field must accept user input and stay within type/format rules. Placeholder behavior must be replaced by live workflow implementation.","Derived values and dirty-state tracking update immediately and consistently.","placeholder","P1","live"
"NP02-0045","Placeholder Host (multi-lane)","src\qml\views\PlaceholderSubmenuView.qml","3877","ModernTextField","cityInput","cityInput","onTextChanged","input_change","saveClientProfile|saveMatterProfile","Creates/updates client profile and related directory fields. Creates/updates matter profile and related directory fields.","Field must accept user input and stay within type/format rules. Placeholder behavior must be replaced by live workflow implementation.","Derived values and dirty-state tracking update immediately and consistently.","placeholder","P1","live"
"NP02-0046","Placeholder Host (multi-lane)","src\qml\views\PlaceholderSubmenuView.qml","3887","ModernTextField","stateProvinceInput","stateProvinceInput","onTextChanged","input_change","saveClientProfile|saveMatterProfile","Creates/updates client profile and related directory fields. Creates/updates matter profile and related directory fields.","Field must accept user input and stay within type/format rules. Placeholder behavior must be replaced by live workflow implementation.","Derived values and dirty-state tracking update immediately and consistently.","placeholder","P1","live"
"NP02-0047","Placeholder Host (multi-lane)","src\qml\views\PlaceholderSubmenuView.qml","3897","ModernTextField","postalCodeInput","postalCodeInput","onTextChanged","input_change","saveClientProfile|saveMatterProfile","Creates/updates client profile and related directory fields. Creates/updates matter profile and related directory fields.","Field must accept user input and stay within type/format rules. Placeholder behavior must be replaced by live workflow implementation.","Derived values and dirty-state tracking update immediately and consistently.","placeholder","P1","live"
"NP02-0048","Placeholder Host (multi-lane)","src\qml\views\PlaceholderSubmenuView.qml","3907","ModernTextField","countryInput","countryInput","onTextChanged","input_change","saveClientProfile|saveMatterProfile","Creates/updates client profile and related directory fields. Creates/updates matter profile and related directory fields.","Field must accept user input and stay within type/format rules. Placeholder behavior must be replaced by live workflow implementation.","Derived values and dirty-state tracking update immediately and consistently.","placeholder","P1","live"
"NP02-0049","Placeholder Host (multi-lane)","src\qml\views\PlaceholderSubmenuView.qml","3917","ModernTextField","websiteInput","websiteInput","onTextChanged","input_change","saveClientProfile|saveMatterProfile","Creates/updates client profile and related directory fields. Creates/updates matter profile and related directory fields.","Field must accept user input and stay within type/format rules. Placeholder behavior must be replaced by live workflow implementation.","Derived values and dirty-state tracking update immediately and consistently.","placeholder","P1","live"
"NP02-0050","Placeholder Host (multi-lane)","src\qml\views\PlaceholderSubmenuView.qml","3928","ModernTextField","taxIdInput","taxIdInput","onTextChanged","input_change","saveClientProfile|saveMatterProfile","Creates/updates client profile and related directory fields. Creates/updates matter profile and related directory fields.","Field must accept user input and stay within type/format rules. Placeholder behavior must be replaced by live workflow implementation.","Derived values and dirty-state tracking update immediately and consistently.","placeholder","P1","live"
"NP02-0051","Placeholder Host (multi-lane)","src\qml\views\PlaceholderSubmenuView.qml","3939","ModernTextField","industryInput","industryInput","onTextChanged","input_change","saveClientProfile|saveMatterProfile","Creates/updates client profile and related directory fields. Creates/updates matter profile and related directory fields.","Field must accept user input and stay within type/format rules. Placeholder behavior must be replaced by live workflow implementation.","Derived values and dirty-state tracking update immediately and consistently.","placeholder","P1","live"
"NP02-0052","Placeholder Host (multi-lane)","src\qml\views\PlaceholderSubmenuView.qml","3950","ModernTextField","billingEmailInput","billingEmailInput","onTextChanged","input_change","saveClientProfile|saveMatterProfile","Creates/updates client profile and related directory fields. Creates/updates matter profile and related directory fields.","Field must accept user input and stay within type/format rules. Placeholder behavior must be replaced by live workflow implementation.","Derived values and dirty-state tracking update immediately and consistently.","placeholder","P1","live"
"NP02-0053","Placeholder Host (multi-lane)","src\qml\views\PlaceholderSubmenuView.qml","3970","ModernComboBox","kycCombo","kycCombo","onActivated, onEditTextChanged","selection_change","saveClientProfile|saveMatterProfile","Creates/updates client profile and related directory fields. Creates/updates matter profile and related directory fields.","Lookup/model options must be loaded before selection change. Placeholder behavior must be replaced by live workflow implementation.","Dependent fields/lists refresh and remain coherent with selected value.","placeholder","P1","live"
"NP02-0054","Placeholder Host (multi-lane)","src\qml\views\PlaceholderSubmenuView.qml","3984","ModernComboBox","retainerRequiredCombo","retainerRequiredCombo","onActivated, onEditTextChanged","selection_change","saveClientProfile|saveMatterProfile","Creates/updates client profile and related directory fields. Creates/updates matter profile and related directory fields.","Lookup/model options must be loaded before selection change. Placeholder behavior must be replaced by live workflow implementation.","Dependent fields/lists refresh and remain coherent with selected value.","placeholder","P1","live"
"NP02-0055","Placeholder Host (multi-lane)","src\qml\views\PlaceholderSubmenuView.qml","3998","ModernTextField","retainerAmountInput","""0.00""","onTextChanged","input_change","saveClientProfile|saveMatterProfile","Creates/updates client profile and related directory fields. Creates/updates matter profile and related directory fields.","Field must accept user input and stay within type/format rules. Placeholder behavior must be replaced by live workflow implementation.","Derived values and dirty-state tracking update immediately and consistently.","placeholder","P1","live"
"NP02-0056","Placeholder Host (multi-lane)","src\qml\views\PlaceholderSubmenuView.qml","4010","ModernTextField","engagementStartInput","engagementStartInput","onTextChanged","input_change","saveClientProfile|saveMatterProfile","Creates/updates client profile and related directory fields. Creates/updates matter profile and related directory fields.","Field must accept user input and stay within type/format rules. Placeholder behavior must be replaced by live workflow implementation.","Derived values and dirty-state tracking update immediately and consistently.","placeholder","P1","live"
"NP02-0057","Placeholder Host (multi-lane)","src\qml\views\PlaceholderSubmenuView.qml","4020","MouseArea","","(no_label)","onClicked, onDoubleClicked","command","saveClientProfile|saveMatterProfile","Creates/updates client profile and related directory fields. Creates/updates matter profile and related directory fields.","Required form fields must pass validation before command execution. Placeholder behavior must be replaced by live workflow implementation.","Requested backend operation completes with success/failure feedback and observable state change.","placeholder","P1","live"
"NP02-0058","Placeholder Host (multi-lane)","src\qml\views\PlaceholderSubmenuView.qml","4034","ModernTextField","dateClientAddedInput","Qt.formatDate(new Date(), ""yyyy-MM-dd"")","onTextChanged","input_change","listClientNames|listClientDirectory|getClientProfile|saveClientProfile","Reads active client list for selectors. Reads client directory rows for listing/search. Reads full client profile payload for edit/view. Creates/updates client profile and related directory fields.","Field must accept user input and stay within type/format rules. Placeholder behavior must be replaced by live workflow implementation.","Derived values and dirty-state tracking update immediately and consistently.","placeholder","P1","live"
"NP02-0059","Placeholder Host (multi-lane)","src\qml\views\PlaceholderSubmenuView.qml","4045","MouseArea","","(no_label)","onClicked, onDoubleClicked","command","saveClientProfile|saveMatterProfile","Creates/updates client profile and related directory fields. Creates/updates matter profile and related directory fields.","Required form fields must pass validation before command execution. Placeholder behavior must be replaced by live workflow implementation.","Requested backend operation completes with success/failure feedback and observable state change.","placeholder","P1","live"
"NP02-0060","Placeholder Host (multi-lane)","src\qml\views\PlaceholderSubmenuView.qml","4059","ModernTextField","birthdayInput","birthdayInput","onTextChanged","input_change","saveClientProfile|saveMatterProfile","Creates/updates client profile and related directory fields. Creates/updates matter profile and related directory fields.","Field must accept user input and stay within type/format rules. Placeholder behavior must be replaced by live workflow implementation.","Derived values and dirty-state tracking update immediately and consistently.","placeholder","P1","live"
"NP02-0061","Placeholder Host (multi-lane)","src\qml\views\PlaceholderSubmenuView.qml","4069","MouseArea","","(no_label)","onClicked, onDoubleClicked","command","saveClientProfile|saveMatterProfile","Creates/updates client profile and related directory fields. Creates/updates matter profile and related directory fields.","Required form fields must pass validation before command execution. Placeholder behavior must be replaced by live workflow implementation.","Requested backend operation completes with success/failure feedback and observable state change.","placeholder","P1","live"
"NP02-0062","Placeholder Host (multi-lane)","src\qml\views\PlaceholderSubmenuView.qml","4083","ModernTextField","referralFromInput","referralFromInput","onTextChanged","input_change","saveClientProfile|saveMatterProfile","Creates/updates client profile and related directory fields. Creates/updates matter profile and related directory fields.","Field must accept user input and stay within type/format rules. Placeholder behavior must be replaced by live workflow implementation.","Derived values and dirty-state tracking update immediately and consistently.","placeholder","P1","live"
"NP02-0063","Placeholder Host (multi-lane)","src\qml\views\PlaceholderSubmenuView.qml","4134","ModernTextField","matterNameInput","matterNameInput","onTextChanged","input_change","listMatterNames|listMatterDirectory|getMatterProfile|saveMatterProfile|previewMatterNumber","Reads matter list for selectors. Reads matter directory rows for listing/search. Reads full matter profile payload for edit/view. Creates/updates matter profile and related directory fields. Calculates suggested matter number from client/type/date.","Field must accept user input and stay within type/format rules. Placeholder behavior must be replaced by live workflow implementation.","Derived values and dirty-state tracking update immediately and consistently.","placeholder","P1","live"
"NP02-0064","Placeholder Host (multi-lane)","src\qml\views\PlaceholderSubmenuView.qml","4150","ModernTextField","matterDisplayNameInput","matterDisplayNameInput","onTextChanged","input_change","listMatterNames|listMatterDirectory|getMatterProfile|saveMatterProfile|previewMatterNumber","Reads matter list for selectors. Reads matter directory rows for listing/search. Reads full matter profile payload for edit/view. Creates/updates matter profile and related directory fields. Calculates suggested matter number from client/type/date.","Field must accept user input and stay within type/format rules. Placeholder behavior must be replaced by live workflow implementation.","Derived values and dirty-state tracking update immediately and consistently.","placeholder","P1","live"
"NP02-0065","Placeholder Host (multi-lane)","src\qml\views\PlaceholderSubmenuView.qml","4170","ModernTextField","matterNumberInput","matterNumberInput","onTextChanged","input_change","listMatterNames|listMatterDirectory|getMatterProfile|saveMatterProfile|previewMatterNumber","Reads matter list for selectors. Reads matter directory rows for listing/search. Reads full matter profile payload for edit/view. Creates/updates matter profile and related directory fields. Calculates suggested matter number from client/type/date.","Field must accept user input and stay within type/format rules. Placeholder behavior must be replaced by live workflow implementation.","Derived values and dirty-state tracking update immediately and consistently.","placeholder","P1","live"
"NP02-0066","Placeholder Host (multi-lane)","src\qml\views\PlaceholderSubmenuView.qml","4188","PillButton","","""Auto""","onClicked","command","previewMatterNumber","Calculates suggested matter number from client/type/date.","Required form fields must pass validation before command execution. Placeholder behavior must be replaced by live workflow implementation.","Requested backend operation completes with success/failure feedback and observable state change.","placeholder","P1","live"
"NP02-0067","Placeholder Host (multi-lane)","src\qml\views\PlaceholderSubmenuView.qml","4204","ModernComboBox","matterClientCombo","matterClientCombo","onActivated, onEditTextChanged","selection_change","listClientNames|listClientDirectory|getClientProfile|saveClientProfile","Reads active client list for selectors. Reads client directory rows for listing/search. Reads full client profile payload for edit/view. Creates/updates client profile and related directory fields.","Lookup/model options must be loaded before selection change. Placeholder behavior must be replaced by live workflow implementation.","Dependent fields/lists refresh and remain coherent with selected value.","placeholder","P1","live"
"NP02-0068","Placeholder Host (multi-lane)","src\qml\views\PlaceholderSubmenuView.qml","4227","PillButton","","""New Client""","onClicked","command","saveClientProfile","Creates/updates client profile and related directory fields.","Required form fields must pass validation before command execution. Placeholder behavior must be replaced by live workflow implementation.","Requested backend operation completes with success/failure feedback and observable state change.","placeholder","P1","live"
"NP02-0069","Placeholder Host (multi-lane)","src\qml\views\PlaceholderSubmenuView.qml","4239","ModernComboBox","matterParentCombo","matterParentCombo","onActivated, onEditTextChanged","selection_change","listParentNames|saveClientProfile|saveMatterProfile","Reads parent client names for relational selectors. Creates/updates client profile and related directory fields. Creates/updates matter profile and related directory fields.","Lookup/model options must be loaded before selection change. Placeholder behavior must be replaced by live workflow implementation.","Dependent fields/lists refresh and remain coherent with selected value.","placeholder","P1","live"
"NP02-0070","Placeholder Host (multi-lane)","src\qml\views\PlaceholderSubmenuView.qml","4252","ModernComboBox","matterTypeCombo","matterTypeCombo","onActivated, onEditTextChanged","selection_change","listMatterNames|listMatterDirectory|getMatterProfile|saveMatterProfile|previewMatterNumber","Reads matter list for selectors. Reads matter directory rows for listing/search. Reads full matter profile payload for edit/view. Creates/updates matter profile and related directory fields. Calculates suggested matter number from client/type/date.","Lookup/model options must be loaded before selection change. Placeholder behavior must be replaced by live workflow implementation.","Dependent fields/lists refresh and remain coherent with selected value.","placeholder","P1","live"
"NP02-0071","Placeholder Host (multi-lane)","src\qml\views\PlaceholderSubmenuView.qml","4276","ModernComboBox","matterStatusCombo","matterStatusCombo","onActivated, onEditTextChanged","selection_change","listMatterNames|listMatterDirectory|getMatterProfile|saveMatterProfile|previewMatterNumber","Reads matter list for selectors. Reads matter directory rows for listing/search. Reads full matter profile payload for edit/view. Creates/updates matter profile and related directory fields. Calculates suggested matter number from client/type/date.","Lookup/model options must be loaded before selection change. Placeholder behavior must be replaced by live workflow implementation.","Dependent fields/lists refresh and remain coherent with selected value.","placeholder","P1","live"
"NP02-0072","Placeholder Host (multi-lane)","src\qml\views\PlaceholderSubmenuView.qml","4290","ModernTextField","matterPracticeAreaInput","matterPracticeAreaInput","onTextChanged","input_change","listMatterNames|listMatterDirectory|getMatterProfile|saveMatterProfile|previewMatterNumber","Reads matter list for selectors. Reads matter directory rows for listing/search. Reads full matter profile payload for edit/view. Creates/updates matter profile and related directory fields. Calculates suggested matter number from client/type/date.","Field must accept user input and stay within type/format rules. Placeholder behavior must be replaced by live workflow implementation.","Derived values and dirty-state tracking update immediately and consistently.","placeholder","P1","live"
"NP02-0073","Placeholder Host (multi-lane)","src\qml\views\PlaceholderSubmenuView.qml","4301","ModernTextField","matterResponsibleLawyerInput","matterResponsibleLawyerInput","onTextChanged","input_change","listMatterNames|listMatterDirectory|getMatterProfile|saveMatterProfile|previewMatterNumber","Reads matter list for selectors. Reads matter directory rows for listing/search. Reads full matter profile payload for edit/view. Creates/updates matter profile and related directory fields. Calculates suggested matter number from client/type/date.","Field must accept user input and stay within type/format rules. Placeholder behavior must be replaced by live workflow implementation.","Derived values and dirty-state tracking update immediately and consistently.","placeholder","P1","live"
"NP02-0074","Placeholder Host (multi-lane)","src\qml\views\PlaceholderSubmenuView.qml","4312","ModernComboBox","matterBillingArrangementCombo","matterBillingArrangementCombo","onActivated, onEditTextChanged","selection_change","listMatterNames|listMatterDirectory|getMatterProfile|saveMatterProfile|previewMatterNumber","Reads matter list for selectors. Reads matter directory rows for listing/search. Reads full matter profile payload for edit/view. Creates/updates matter profile and related directory fields. Calculates suggested matter number from client/type/date.","Lookup/model options must be loaded before selection change. Placeholder behavior must be replaced by live workflow implementation.","Dependent fields/lists refresh and remain coherent with selected value.","placeholder","P1","live"
"NP02-0075","Placeholder Host (multi-lane)","src\qml\views\PlaceholderSubmenuView.qml","4336","ModernTextField","matterBillingContactInput","matterBillingContactInput","onTextChanged","input_change","listMatterNames|listMatterDirectory|getMatterProfile|saveMatterProfile|previewMatterNumber","Reads matter list for selectors. Reads matter directory rows for listing/search. Reads full matter profile payload for edit/view. Creates/updates matter profile and related directory fields. Calculates suggested matter number from client/type/date.","Field must accept user input and stay within type/format rules. Placeholder behavior must be replaced by live workflow implementation.","Derived values and dirty-state tracking update immediately and consistently.","placeholder","P1","live"
"NP02-0076","Placeholder Host (multi-lane)","src\qml\views\PlaceholderSubmenuView.qml","4347","ModernTextField","matterBillingEmailInput","matterBillingEmailInput","onTextChanged","input_change","listMatterNames|listMatterDirectory|getMatterProfile|saveMatterProfile|previewMatterNumber","Reads matter list for selectors. Reads matter directory rows for listing/search. Reads full matter profile payload for edit/view. Creates/updates matter profile and related directory fields. Calculates suggested matter number from client/type/date.","Field must accept user input and stay within type/format rules. Placeholder behavior must be replaced by live workflow implementation.","Derived values and dirty-state tracking update immediately and consistently.","placeholder","P1","live"
"NP02-0077","Placeholder Host (multi-lane)","src\qml\views\PlaceholderSubmenuView.qml","4358","ModernTextField","matterDefaultRateInput","""475.00""","onTextChanged","input_change","listMatterNames|listMatterDirectory|getMatterProfile|saveMatterProfile|previewMatterNumber","Reads matter list for selectors. Reads matter directory rows for listing/search. Reads full matter profile payload for edit/view. Creates/updates matter profile and related directory fields. Calculates suggested matter number from client/type/date.","Field must accept user input and stay within type/format rules. Placeholder behavior must be replaced by live workflow implementation.","Derived values and dirty-state tracking update immediately and consistently.","placeholder","P1","live"
"NP02-0078","Placeholder Host (multi-lane)","src\qml\views\PlaceholderSubmenuView.qml","4370","ModernTextField","matterDefaultShareInput","""100.00""","onTextChanged","input_change","listMatterNames|listMatterDirectory|getMatterProfile|saveMatterProfile|previewMatterNumber","Reads matter list for selectors. Reads matter directory rows for listing/search. Reads full matter profile payload for edit/view. Creates/updates matter profile and related directory fields. Calculates suggested matter number from client/type/date.","Field must accept user input and stay within type/format rules. Placeholder behavior must be replaced by live workflow implementation.","Derived values and dirty-state tracking update immediately and consistently.","placeholder","P1","live"
"NP02-0079","Placeholder Host (multi-lane)","src\qml\views\PlaceholderSubmenuView.qml","4382","ModernTextField","matterDateOfEngagementInput","matterDateOfEngagementInput","onTextChanged","input_change","listMatterNames|listMatterDirectory|getMatterProfile|saveMatterProfile|previewMatterNumber","Reads matter list for selectors. Reads matter directory rows for listing/search. Reads full matter profile payload for edit/view. Creates/updates matter profile and related directory fields. Calculates suggested matter number from client/type/date.","Field must accept user input and stay within type/format rules. Placeholder behavior must be replaced by live workflow implementation.","Derived values and dirty-state tracking update immediately and consistently.","placeholder","P1","live"
"NP02-0080","Placeholder Host (multi-lane)","src\qml\views\PlaceholderSubmenuView.qml","4392","MouseArea","","(no_label)","onClicked, onDoubleClicked","command","saveClientProfile|saveMatterProfile","Creates/updates client profile and related directory fields. Creates/updates matter profile and related directory fields.","Required form fields must pass validation before command execution. Placeholder behavior must be replaced by live workflow implementation.","Requested backend operation completes with success/failure feedback and observable state change.","placeholder","P1","live"
"NP02-0081","Placeholder Host (multi-lane)","src\qml\views\PlaceholderSubmenuView.qml","4406","ModernTextField","matterDateOpenedInput","Qt.formatDate(new Date(), ""yyyy-MM-dd"")","onTextChanged","input_change","listMatterNames|listMatterDirectory|getMatterProfile|saveMatterProfile|previewMatterNumber","Reads matter list for selectors. Reads matter directory rows for listing/search. Reads full matter profile payload for edit/view. Creates/updates matter profile and related directory fields. Calculates suggested matter number from client/type/date.","Field must accept user input and stay within type/format rules. Placeholder behavior must be replaced by live workflow implementation.","Derived values and dirty-state tracking update immediately and consistently.","placeholder","P1","live"
"NP02-0082","Placeholder Host (multi-lane)","src\qml\views\PlaceholderSubmenuView.qml","4422","MouseArea","","(no_label)","onClicked, onDoubleClicked","command","saveClientProfile|saveMatterProfile","Creates/updates client profile and related directory fields. Creates/updates matter profile and related directory fields.","Required form fields must pass validation before command execution. Placeholder behavior must be replaced by live workflow implementation.","Requested backend operation completes with success/failure feedback and observable state change.","placeholder","P1","live"
"NP02-0083","Placeholder Host (multi-lane)","src\qml\views\PlaceholderSubmenuView.qml","4436","ModernTextField","matterDateClosedInput","matterDateClosedInput","onTextChanged","input_change","listMatterNames|listMatterDirectory|getMatterProfile|saveMatterProfile|previewMatterNumber","Reads matter list for selectors. Reads matter directory rows for listing/search. Reads full matter profile payload for edit/view. Creates/updates matter profile and related directory fields. Calculates suggested matter number from client/type/date.","Field must accept user input and stay within type/format rules. Placeholder behavior must be replaced by live workflow implementation.","Derived values and dirty-state tracking update immediately and consistently.","placeholder","P1","live"
"NP02-0084","Placeholder Host (multi-lane)","src\qml\views\PlaceholderSubmenuView.qml","4446","MouseArea","","(no_label)","onClicked, onDoubleClicked","command","saveClientProfile|saveMatterProfile","Creates/updates client profile and related directory fields. Creates/updates matter profile and related directory fields.","Required form fields must pass validation before command execution. Placeholder behavior must be replaced by live workflow implementation.","Requested backend operation completes with success/failure feedback and observable state change.","placeholder","P1","live"
"NP02-0085","Placeholder Host (multi-lane)","src\qml\views\PlaceholderSubmenuView.qml","4460","ModernTextField","matterCourtFileInput","matterCourtFileInput","onTextChanged","input_change","listMatterNames|listMatterDirectory|getMatterProfile|saveMatterProfile|previewMatterNumber","Reads matter list for selectors. Reads matter directory rows for listing/search. Reads full matter profile payload for edit/view. Creates/updates matter profile and related directory fields. Calculates suggested matter number from client/type/date.","Field must accept user input and stay within type/format rules. Placeholder behavior must be replaced by live workflow implementation.","Derived values and dirty-state tracking update immediately and consistently.","placeholder","P1","live"
"NP02-0086","Placeholder Host (multi-lane)","src\qml\views\PlaceholderSubmenuView.qml","4471","ModernTextField","matterOpposingPartyInput","matterOpposingPartyInput","onTextChanged","input_change","listMatterNames|listMatterDirectory|getMatterProfile|saveMatterProfile|previewMatterNumber","Reads matter list for selectors. Reads matter directory rows for listing/search. Reads full matter profile payload for edit/view. Creates/updates matter profile and related directory fields. Calculates suggested matter number from client/type/date.","Field must accept user input and stay within type/format rules. Placeholder behavior must be replaced by live workflow implementation.","Derived values and dirty-state tracking update immediately and consistently.","placeholder","P1","live"
"NP02-0087","Placeholder Host (multi-lane)","src\qml\views\PlaceholderSubmenuView.qml","4482","ModernTextField","matterReferralFromInput","matterReferralFromInput","onTextChanged","input_change","listMatterNames|listMatterDirectory|getMatterProfile|saveMatterProfile|previewMatterNumber","Reads matter list for selectors. Reads matter directory rows for listing/search. Reads full matter profile payload for edit/view. Creates/updates matter profile and related directory fields. Calculates suggested matter number from client/type/date.","Field must accept user input and stay within type/format rules. Placeholder behavior must be replaced by live workflow implementation.","Derived values and dirty-state tracking update immediately and consistently.","placeholder","P1","live"
"NP02-0088","Placeholder Host (multi-lane)","src\qml\views\PlaceholderSubmenuView.qml","4496","TextArea","conflictNotesInput","conflictNotesInput","onTextChanged","input_change","saveClientProfile|saveMatterProfile","Creates/updates client profile and related directory fields. Creates/updates matter profile and related directory fields.","Field must accept user input and stay within type/format rules. Placeholder behavior must be replaced by live workflow implementation.","Derived values and dirty-state tracking update immediately and consistently.","placeholder","P1","live"
"NP02-0089","Placeholder Host (multi-lane)","src\qml\views\PlaceholderSubmenuView.qml","4520","TextArea","matterDescriptionInput","matterDescriptionInput","onTextChanged","input_change","listMatterNames|listMatterDirectory|getMatterProfile|saveMatterProfile|previewMatterNumber","Reads matter list for selectors. Reads matter directory rows for listing/search. Reads full matter profile payload for edit/view. Creates/updates matter profile and related directory fields. Calculates suggested matter number from client/type/date.","Field must accept user input and stay within type/format rules. Placeholder behavior must be replaced by live workflow implementation.","Derived values and dirty-state tracking update immediately and consistently.","placeholder","P1","live"
"NP02-0090","Placeholder Host (multi-lane)","src\qml\views\PlaceholderSubmenuView.qml","4544","TextArea","notesInput","notesInput","onTextChanged","input_change","saveClientProfile|saveMatterProfile","Creates/updates client profile and related directory fields. Creates/updates matter profile and related directory fields.","Field must accept user input and stay within type/format rules. Placeholder behavior must be replaced by live workflow implementation.","Derived values and dirty-state tracking update immediately and consistently.","placeholder","P1","live"
"NP02-0091","Placeholder Host (multi-lane)","src\qml\views\PlaceholderSubmenuView.qml","4588","PillButton","","root.activeIsNewClientWizard()","onClicked","command","saveClientProfile|saveMatterProfile","Creates/updates client profile and related directory fields. Creates/updates matter profile and related directory fields.","Required form fields must pass validation before command execution. Placeholder behavior must be replaced by live workflow implementation.","Requested backend operation completes with success/failure feedback and observable state change.","placeholder","P1","live"
"NP02-0092","Placeholder Host (multi-lane)","src\qml\views\PlaceholderSubmenuView.qml","4615","PillButton","","""Export CSV""","onClicked","command","saveClientProfile|saveMatterProfile","Creates/updates client profile and related directory fields. Creates/updates matter profile and related directory fields.","Required form fields must pass validation before command execution. Placeholder behavior must be replaced by live workflow implementation.","Requested backend operation completes with success/failure feedback and observable state change.","placeholder","P0","live"
"NP02-0093","Placeholder Host (multi-lane)","src\qml\views\PlaceholderSubmenuView.qml","4631","PillButton","","root.detachedWindow ? ""Close"" : ""Cancel""","onClicked","command","saveClientProfile|saveMatterProfile","Creates/updates client profile and related directory fields. Creates/updates matter profile and related directory fields.","Required form fields must pass validation before command execution. Placeholder behavior must be replaced by live workflow implementation.","Requested backend operation completes with success/failure feedback and observable state change.","placeholder","P1","live"
"NP02-0094","Placeholder Host (multi-lane)","src\qml\views\PlaceholderSubmenuView.qml","4644","PillButton","","root.detachedWindow ? ""Return to Dock"" : ""Undock""","onClicked","command","saveClientProfile|saveMatterProfile","Creates/updates client profile and related directory fields. Creates/updates matter profile and related directory fields.","Required form fields must pass validation before command execution. Placeholder behavior must be replaced by live workflow implementation.","Requested backend operation completes with success/failure feedback and observable state change.","placeholder","P1","live"
"NP02-0095","Placeholder Host (multi-lane)","src\qml\views\PlaceholderSubmenuView.qml","4759","PillButton","","""Review""","onClicked","command","saveClientProfile|saveMatterProfile","Creates/updates client profile and related directory fields. Creates/updates matter profile and related directory fields.","Required form fields must pass validation before command execution. Placeholder behavior must be replaced by live workflow implementation.","Requested backend operation completes with success/failure feedback and observable state change.","placeholder","P1","live"
"NP02-0096","Placeholder Host (multi-lane)","src\qml\views\PlaceholderSubmenuView.qml","4770","PillButton","","""Save Anyway""","onClicked","command","saveClientProfile|saveMatterProfile","Creates/updates client profile and related directory fields. Creates/updates matter profile and related directory fields.","Required form fields must pass validation before command execution. Placeholder behavior must be replaced by live workflow implementation.","Requested backend operation completes with success/failure feedback and observable state change.","placeholder","P0","live"
"NP02-0097","Docketing & Deadlines","src\qml\views\TimeDocketView.qml","622","MouseArea","","(no_label)","onClicked, onPressed","command","saveTimeDocketEntry","Creates or updates time docket rows; recalculates fees/status.","Required form fields must pass validation before command execution.","Requested backend operation completes with success/failure feedback and observable state change.","wired","P1","live"
"NP02-0098","Docketing & Deadlines","src\qml\views\TimeDocketView.qml","1119","TextField","timerHms","timerHms","onAccepted","command","getTimeDocketAggregate","Reads aggregated time bucket state for date/client/matter context.","Required form fields must pass validation before command execution.","Requested backend operation completes with success/failure feedback and observable state change.","wired","P1","live"
"NP02-0099","Docketing & Deadlines","src\qml\views\TimeDocketView.qml","1170","PillButton","","""Cancel""","onClicked","command","saveTimeDocketEntry","Creates or updates time docket rows; recalculates fees/status.","Required form fields must pass validation before command execution.","Requested backend operation completes with success/failure feedback and observable state change.","wired","P1","live"
"NP02-0100","Docketing & Deadlines","src\qml\views\TimeDocketView.qml","1181","PillButton","applyBtn","""Apply""","onClicked","command","saveTimeDocketEntry","Creates or updates time docket rows; recalculates fees/status.","Required form fields must pass validation before command execution.","Requested backend operation completes with success/failure feedback and observable state change.","wired","P1","live"
"NP02-0101","Docketing & Deadlines","src\qml\views\TimeDocketView.qml","1415","MouseArea","","(no_label)","onClicked","command","saveTimeDocketEntry","Creates or updates time docket rows; recalculates fees/status.","Required form fields must pass validation before command execution.","Requested backend operation completes with success/failure feedback and observable state change.","wired","P1","live"
"NP02-0102","Docketing & Deadlines","src\qml\views\TimeDocketView.qml","1424","PillButton","","root.isBucketLocked() ? ""Locked"" : (root.isRunning ? ""Stop"" : ""Start"")","onClicked","command","saveTimeDocketEntry","Creates or updates time docket rows; recalculates fees/status.","Required form fields must pass validation before command execution.","Requested backend operation completes with success/failure feedback and observable state change.","wired","P1","live"
"NP02-0103","Docketing & Deadlines","src\qml\views\TimeDocketView.qml","1448","ModernTextField","dateInput","Qt.formatDate(new Date(), ""yyyy-MM-dd"")","onTextChanged","input_change","getTimeDocketAggregate","Reads aggregated time bucket state for date/client/matter context.","Field must accept user input and stay within type/format rules.","Derived values and dirty-state tracking update immediately and consistently.","wired","P2","live"
"NP02-0104","Docketing & Deadlines","src\qml\views\TimeDocketView.qml","1464","MouseArea","","(no_label)","onClicked, onDoubleClicked","command","saveTimeDocketEntry","Creates or updates time docket rows; recalculates fees/status.","Required form fields must pass validation before command execution.","Requested backend operation completes with success/failure feedback and observable state change.","wired","P1","live"
"NP02-0105","Docketing & Deadlines","src\qml\views\TimeDocketView.qml","1479","ModernTextField","timeInput","""0.0""","onTextChanged, onTextEdited","input_change","getTimeDocketAggregate","Reads aggregated time bucket state for date/client/matter context.","Field must accept user input and stay within type/format rules.","Derived values and dirty-state tracking update immediately and consistently.","wired","P2","live"
"NP02-0106","Docketing & Deadlines","src\qml\views\TimeDocketView.qml","1498","ModernComboBox","matterCombo","matterCombo","onActivated, onEditTextChanged","selection_change","listMatterNames|getTimeDocketAggregate","Reads matter list for selectors. Reads aggregated time bucket state for date/client/matter context.","Lookup/model options must be loaded before selection change.","Dependent fields/lists refresh and remain coherent with selected value.","wired","P2","live"
"NP02-0107","Docketing & Deadlines","src\qml\views\TimeDocketView.qml","1522","ModernComboBox","clientCombo","clientCombo","onActivated, onEditTextChanged","selection_change","listClientNames|getTimeDocketAggregate","Reads active client list for selectors. Reads aggregated time bucket state for date/client/matter context.","Lookup/model options must be loaded before selection change.","Dependent fields/lists refresh and remain coherent with selected value.","wired","P2","live"
"NP02-0108","Docketing & Deadlines","src\qml\views\TimeDocketView.qml","1546","ModernComboBox","taskCombo","taskCombo","onActivated, onEditTextChanged","selection_change","getTimeDocketAggregate","Reads aggregated time bucket state for date/client/matter context.","Lookup/model options must be loaded before selection change.","Dependent fields/lists refresh and remain coherent with selected value.","wired","P2","live"
"NP02-0109","Docketing & Deadlines","src\qml\views\TimeDocketView.qml","1560","TextArea","descInput","descInput","onTextChanged","input_change","getTimeDocketAggregate","Reads aggregated time bucket state for date/client/matter context.","Field must accept user input and stay within type/format rules.","Derived values and dirty-state tracking update immediately and consistently.","wired","P2","live"
"NP02-0110","Docketing & Deadlines","src\qml\views\TimeDocketView.qml","1587","ModernTextField","rateInput","""475.00""","onTextChanged","input_change","getTimeDocketAggregate","Reads aggregated time bucket state for date/client/matter context.","Field must accept user input and stay within type/format rules.","Derived values and dirty-state tracking update immediately and consistently.","wired","P2","live"
"NP02-0111","Docketing & Deadlines","src\qml\views\TimeDocketView.qml","1602","ModernTextField","billInput","""100""","onTextChanged","input_change","getTimeDocketAggregate","Reads aggregated time bucket state for date/client/matter context.","Field must accept user input and stay within type/format rules.","Derived values and dirty-state tracking update immediately and consistently.","wired","P2","live"
"NP02-0112","Docketing & Deadlines","src\qml\views\TimeDocketView.qml","1617","ModernTextField","feesInput","""$0.00""","","state_binding","saveTimeDocketEntry","Creates or updates time docket rows; recalculates fees/status.","Control binding must evaluate in active context without runtime errors.","Control state/binding updates without side effects or stale state.","unwired","P1","live"
"NP02-0113","Docketing & Deadlines","src\qml\views\TimeDocketView.qml","1719","PillButton","","""Set Draft""","onClicked","command","saveTimeDocketEntry","Creates or updates time docket rows; recalculates fees/status.","Required form fields must pass validation before command execution.","Requested backend operation completes with success/failure feedback and observable state change.","wired","P1","live"
"NP02-0114","Docketing & Deadlines","src\qml\views\TimeDocketView.qml","1731","PillButton","","""Mark Ready""","onClicked","command","saveTimeDocketEntry","Creates or updates time docket rows; recalculates fees/status.","Required form fields must pass validation before command execution.","Requested backend operation completes with success/failure feedback and observable state change.","wired","P1","live"
"NP02-0115","Docketing & Deadlines","src\qml\views\TimeDocketView.qml","1743","PillButton","","""Mark Billed""","onClicked","command","saveTimeDocketEntry","Creates or updates time docket rows; recalculates fees/status.","Required form fields must pass validation before command execution.","Requested backend operation completes with success/failure feedback and observable state change.","wired","P1","live"
"NP02-0116","Docketing & Deadlines","src\qml\views\TimeDocketView.qml","1755","PillButton","","""Save Docket""","onClicked","command","saveTimeDocketEntry","Creates or updates time docket rows; recalculates fees/status.","Required form fields must pass validation before command execution.","Requested backend operation completes with success/failure feedback and observable state change.","wired","P1","live"
"NP02-0117","Docketing & Deadlines","src\qml\views\TimeDocketView.qml","1767","PillButton","","root.detachedWindow ? ""Close"" : ""Cancel""","onClicked","command","saveTimeDocketEntry","Creates or updates time docket rows; recalculates fees/status.","Required form fields must pass validation before command execution.","Requested backend operation completes with success/failure feedback and observable state change.","wired","P1","live"
"NP02-0118","Docketing & Deadlines","src\qml\views\TimeDocketView.qml","1780","PillButton","","root.detachedWindow ? ""Return to Dock"" : ""Undock""","onClicked","command","saveTimeDocketEntry","Creates or updates time docket rows; recalculates fees/status.","Required form fields must pass validation before command execution.","Requested backend operation completes with success/failure feedback and observable state change.","wired","P1","live"
"NP02-0119","Docketing & Deadlines","src\qml\views\TimeDocketView.qml","1804","PillButton","","root.detachedWindow ? ""Close"" : ""Cancel""","onClicked","command","saveTimeDocketEntry","Creates or updates time docket rows; recalculates fees/status.","Required form fields must pass validation before command execution.","Requested backend operation completes with success/failure feedback and observable state change.","wired","P1","live"
"NP02-0120","Docketing & Deadlines","src\qml\views\TimeDocketView.qml","1817","PillButton","","root.detachedWindow ? ""Return to Dock"" : ""Undock""","onClicked","command","saveTimeDocketEntry","Creates or updates time docket rows; recalculates fees/status.","Required form fields must pass validation before command execution.","Requested backend operation completes with success/failure feedback and observable state change.","wired","P1","live"
"NP02-0121","Docketing & Deadlines","src\qml\views\TimeDocketView.qml","1886","PillButton","","""Switch Here""","onClicked","command","saveTimeDocketEntry","Creates or updates time docket rows; recalculates fees/status.","Required form fields must pass validation before command execution.","Requested backend operation completes with success/failure feedback and observable state change.","wired","P1","live"
"NP02-0122","Docketing & Deadlines","src\qml\views\TimeDocketView.qml","1898","PillButton","","""Open Docket""","onClicked","command","saveTimeDocketEntry","Creates or updates time docket rows; recalculates fees/status.","Required form fields must pass validation before command execution.","Requested backend operation completes with success/failure feedback and observable state change.","wired","P1","live"
"NP02-0123","Docketing & Deadlines","src\qml\views\TimeDocketView.qml","1916","PillButton","","""Cancel""","onClicked","command","saveTimeDocketEntry","Creates or updates time docket rows; recalculates fees/status.","Required form fields must pass validation before command execution.","Requested backend operation completes with success/failure feedback and observable state change.","wired","P1","live"
"NP02-0124","Docketing & Deadlines","src\qml\views\TimeDocketView.qml","1968","PillButton","","""Create Matter""","onClicked","command","saveTimeDocketEntry","Creates or updates time docket rows; recalculates fees/status.","Required form fields must pass validation before command execution.","Requested backend operation completes with success/failure feedback and observable state change.","wired","P1","live"
"NP02-0125","Docketing & Deadlines","src\qml\views\TimeDocketView.qml","1988","PillButton","","""Choose Matter""","onClicked","command","saveTimeDocketEntry","Creates or updates time docket rows; recalculates fees/status.","Required form fields must pass validation before command execution.","Requested backend operation completes with success/failure feedback and observable state change.","wired","P1","live"
"NP02-0126","Docketing & Deadlines","src\qml\views\TimeDocketView.qml","2006","PillButton","","""Client-only Draft""","onClicked","command","saveTimeDocketEntry","Creates or updates time docket rows; recalculates fees/status.","Required form fields must pass validation before command execution.","Requested backend operation completes with success/failure feedback and observable state change.","wired","P1","live"
"NP02-0127","Docketing & Deadlines","src\qml\views\TimeDocketView.qml","2019","PillButton","","""Cancel""","onClicked","command","saveTimeDocketEntry","Creates or updates time docket rows; recalculates fees/status.","Required form fields must pass validation before command execution.","Requested backend operation completes with success/failure feedback and observable state change.","wired","P1","live"
"NP02-0128","Billing, Payments & Tax","src\qml\views\TransactionsMasterView.qml","350","ModernTextField","","(no_label)","","state_binding","saveTransaction","Creates/updates transaction row and derived amounts.","Control binding must evaluate in active context without runtime errors.","Control state/binding updates without side effects or stale state.","unwired","P1","live"
"NP02-0129","Billing, Payments & Tax","src\qml\views\TransactionsMasterView.qml","351","ModernComboBox","classCombo","classCombo","onActivated, onEditTextChanged","selection_change","saveTransaction","Creates/updates transaction row and derived amounts.","Lookup/model options must be loaded before selection change.","Dependent fields/lists refresh and remain coherent with selected value.","wired","P2","live"
"NP02-0130","Billing, Payments & Tax","src\qml\views\TransactionsMasterView.qml","363","ModernComboBox","typeCombo","typeCombo","onActivated, onEditTextChanged","selection_change","saveTransaction","Creates/updates transaction row and derived amounts.","Lookup/model options must be loaded before selection change.","Dependent fields/lists refresh and remain coherent with selected value.","wired","P2","live"
"NP02-0131","Billing, Payments & Tax","src\qml\views\TransactionsMasterView.qml","375","ModernTextField","","(no_label)","","state_binding","saveTransaction","Creates/updates transaction row and derived amounts.","Control binding must evaluate in active context without runtime errors.","Control state/binding updates without side effects or stale state.","unwired","P1","live"
"NP02-0132","Billing, Payments & Tax","src\qml\views\TransactionsMasterView.qml","377","ModernComboBox","","(no_label)","","state_binding","saveTransaction","Creates/updates transaction row and derived amounts.","Control binding must evaluate in active context without runtime errors.","Control state/binding updates without side effects or stale state.","unwired","P1","live"
"NP02-0133","Billing, Payments & Tax","src\qml\views\TransactionsMasterView.qml","378","ModernComboBox","","(no_label)","","state_binding","saveTransaction","Creates/updates transaction row and derived amounts.","Control binding must evaluate in active context without runtime errors.","Control state/binding updates without side effects or stale state.","unwired","P1","live"
"NP02-0134","Billing, Payments & Tax","src\qml\views\TransactionsMasterView.qml","379","ModernComboBox","statusCombo","statusCombo","onActivated, onEditTextChanged","selection_change","saveTransaction","Creates/updates transaction row and derived amounts.","Lookup/model options must be loaded before selection change.","Dependent fields/lists refresh and remain coherent with selected value.","wired","P2","live"
"NP02-0135","Billing, Payments & Tax","src\qml\views\TransactionsMasterView.qml","392","ModernComboBox","","(no_label)","","state_binding","saveTransaction","Creates/updates transaction row and derived amounts.","Control binding must evaluate in active context without runtime errors.","Control state/binding updates without side effects or stale state.","unwired","P1","live"
"NP02-0136","Billing, Payments & Tax","src\qml\views\TransactionsMasterView.qml","393","ModernComboBox","","(no_label)","","state_binding","saveTransaction","Creates/updates transaction row and derived amounts.","Control binding must evaluate in active context without runtime errors.","Control state/binding updates without side effects or stale state.","unwired","P1","live"
"NP02-0137","Billing, Payments & Tax","src\qml\views\TransactionsMasterView.qml","395","ModernComboBox","","(no_label)","","state_binding","saveTransaction","Creates/updates transaction row and derived amounts.","Control binding must evaluate in active context without runtime errors.","Control state/binding updates without side effects or stale state.","unwired","P1","live"
"NP02-0138","Billing, Payments & Tax","src\qml\views\TransactionsMasterView.qml","396","ModernComboBox","","(no_label)","","state_binding","saveTransaction","Creates/updates transaction row and derived amounts.","Control binding must evaluate in active context without runtime errors.","Control state/binding updates without side effects or stale state.","unwired","P1","live"
"NP02-0139","Billing, Payments & Tax","src\qml\views\TransactionsMasterView.qml","398","ModernTextField","","(no_label)","","state_binding","saveTransaction","Creates/updates transaction row and derived amounts.","Control binding must evaluate in active context without runtime errors.","Control state/binding updates without side effects or stale state.","unwired","P1","live"
"NP02-0140","Billing, Payments & Tax","src\qml\views\TransactionsMasterView.qml","399","ModernTextField","","(no_label)","","state_binding","saveTransaction","Creates/updates transaction row and derived amounts.","Control binding must evaluate in active context without runtime errors.","Control state/binding updates without side effects or stale state.","unwired","P1","live"
"NP02-0141","Billing, Payments & Tax","src\qml\views\TransactionsMasterView.qml","400","ModernComboBox","","(no_label)","","state_binding","saveTransaction","Creates/updates transaction row and derived amounts.","Control binding must evaluate in active context without runtime errors.","Control state/binding updates without side effects or stale state.","unwired","P1","live"
"NP02-0142","Billing, Payments & Tax","src\qml\views\TransactionsMasterView.qml","401","ModernComboBox","hstExemptCombo","hstExemptCombo","onActivated, onEditTextChanged","selection_change","saveTransaction","Creates/updates transaction row and derived amounts.","Lookup/model options must be loaded before selection change.","Dependent fields/lists refresh and remain coherent with selected value.","wired","P2","live"
"NP02-0143","Billing, Payments & Tax","src\qml\views\TransactionsMasterView.qml","415","ModernComboBox","generalOfficeCombo","generalOfficeCombo","onActivated, onEditTextChanged","selection_change","saveTransaction","Creates/updates transaction row and derived amounts.","Lookup/model options must be loaded before selection change.","Dependent fields/lists refresh and remain coherent with selected value.","wired","P2","live"
"NP02-0144","Billing, Payments & Tax","src\qml\views\TransactionsMasterView.qml","429","ModernComboBox","","(no_label)","","state_binding","saveTransaction","Creates/updates transaction row and derived amounts.","Control binding must evaluate in active context without runtime errors.","Control state/binding updates without side effects or stale state.","unwired","P1","live"
"NP02-0145","Billing, Payments & Tax","src\qml\views\TransactionsMasterView.qml","430","ModernComboBox","","(no_label)","","state_binding","saveTransaction","Creates/updates transaction row and derived amounts.","Control binding must evaluate in active context without runtime errors.","Control state/binding updates without side effects or stale state.","unwired","P1","live"
"NP02-0146","Billing, Payments & Tax","src\qml\views\TransactionsMasterView.qml","432","ModernComboBox","","(no_label)","","state_binding","saveTransaction","Creates/updates transaction row and derived amounts.","Control binding must evaluate in active context without runtime errors.","Control state/binding updates without side effects or stale state.","unwired","P1","live"
"NP02-0147","Billing, Payments & Tax","src\qml\views\TransactionsMasterView.qml","433","ModernComboBox","","(no_label)","","state_binding","saveTransaction","Creates/updates transaction row and derived amounts.","Control binding must evaluate in active context without runtime errors.","Control state/binding updates without side effects or stale state.","unwired","P1","live"
"NP02-0148","Billing, Payments & Tax","src\qml\views\TransactionsMasterView.qml","434","ModernComboBox","","(no_label)","","state_binding","saveTransaction","Creates/updates transaction row and derived amounts.","Control binding must evaluate in active context without runtime errors.","Control state/binding updates without side effects or stale state.","unwired","P1","live"
"NP02-0149","Billing, Payments & Tax","src\qml\views\TransactionsMasterView.qml","435","ModernTextField","","(no_label)","","state_binding","saveTransaction","Creates/updates transaction row and derived amounts.","Control binding must evaluate in active context without runtime errors.","Control state/binding updates without side effects or stale state.","unwired","P1","live"
"NP02-0150","Billing, Payments & Tax","src\qml\views\TransactionsMasterView.qml","436","ModernTextField","","(no_label)","","state_binding","saveTransaction","Creates/updates transaction row and derived amounts.","Control binding must evaluate in active context without runtime errors.","Control state/binding updates without side effects or stale state.","unwired","P1","live"
"NP02-0151","Billing, Payments & Tax","src\qml\views\TransactionsMasterView.qml","438","ModernTextField","","(no_label)","","state_binding","saveTransaction","Creates/updates transaction row and derived amounts.","Control binding must evaluate in active context without runtime errors.","Control state/binding updates without side effects or stale state.","unwired","P1","live"
"NP02-0152","Billing, Payments & Tax","src\qml\views\TransactionsMasterView.qml","439","ModernTextField","","(no_label)","","state_binding","saveTransaction","Creates/updates transaction row and derived amounts.","Control binding must evaluate in active context without runtime errors.","Control state/binding updates without side effects or stale state.","unwired","P1","live"
"NP02-0153","Billing, Payments & Tax","src\qml\views\TransactionsMasterView.qml","442","TextArea","expenseDetailsInput","expenseDetailsInput","onTextChanged","input_change","saveTransaction","Creates/updates transaction row and derived amounts.","Field must accept user input and stay within type/format rules.","Derived values and dirty-state tracking update immediately and consistently.","wired","P2","live"
"NP02-0154","Billing, Payments & Tax","src\qml\views\TransactionsMasterView.qml","452","TextArea","notesInput","notesInput","onTextChanged","input_change","saveTransaction","Creates/updates transaction row and derived amounts.","Field must accept user input and stay within type/format rules.","Derived values and dirty-state tracking update immediately and consistently.","wired","P2","live"
"NP02-0155","Billing, Payments & Tax","src\qml\views\TransactionsMasterView.qml","466","PillButton","","(no_label)","","state_binding","saveTransaction","Creates/updates transaction row and derived amounts.","Control binding must evaluate in active context without runtime errors.","Control state/binding updates without side effects or stale state.","unwired","P1","live"
"NP02-0156","Billing, Payments & Tax","src\qml\views\TransactionsMasterView.qml","467","PillButton","","(no_label)","","state_binding","saveTransaction","Creates/updates transaction row and derived amounts.","Control binding must evaluate in active context without runtime errors.","Control state/binding updates without side effects or stale state.","unwired","P1","live"
