"lane","file","line","control_type","control_id","text_expr","placeholder_expr","handlers","status","likely_placeholder"
"Unclassified","src\qml\components\DocketActivityReportPanel.qml","508","ModernTextField","fromDateInput","root.fromDateText","","onEditingFinished, onTextChanged","wired","False"
"Unclassified","src\qml\components\DocketActivityReportPanel.qml","520","ModernTextField","toDateInput","root.toDateText","","onEditingFinished, onTextChanged","wired","False"
"Unclassified","src\qml\components\DocketActivityReportPanel.qml","534","ModernComboBox","statusModeCombo","","","onActivated, onEditTextChanged","wired","False"
"Unclassified","src\qml\components\DocketActivityReportPanel.qml","555","ModernTextField","searchInput","root.queryText","","onEditingFinished, onTextChanged","wired","False"
"Unclassified","src\qml\components\DocketActivityReportPanel.qml","567","ModernComboBox","clientFilterCombo","","","onActivated, onEditTextChanged","wired","False"
"Unclassified","src\qml\components\DocketActivityReportPanel.qml","583","ModernComboBox","matterFilterCombo","","","onActivated, onEditTextChanged","wired","False"
"Unclassified","src\qml\components\DocketActivityReportPanel.qml","599","PillButton","","""Clear""","","onClicked","wired","False"
"Unclassified","src\qml\components\DocketActivityReportPanel.qml","615","PillButton","","""Today""","","onClicked","wired","False"
"Unclassified","src\qml\components\DocketActivityReportPanel.qml","629","PillButton","","""This Week""","","onClicked","wired","False"
"Unclassified","src\qml\components\DocketActivityReportPanel.qml","643","PillButton","","""This Month""","","onClicked","wired","False"
"Unclassified","src\qml\components\DocketActivityReportPanel.qml","657","PillButton","","""This Year""","","onClicked","wired","False"
"Unclassified","src\qml\components\DocketActivityReportPanel.qml","673","PillButton","","root.busy ? ""Loading..."" : ""Run Report""","","onClicked","wired","False"
"Unclassified","src\qml\components\DocketActivityReportPanel.qml","685","PillButton","","""Export CSV""","","onClicked","wired","False"
"Unclassified","src\qml\components\DocketActivityReportPanel.qml","746","MouseArea","","","","onClicked","wired","False"
"Unclassified","src\qml\components\DocketActivityReportPanel.qml","763","MouseArea","","","","onClicked","wired","False"
"Unclassified","src\qml\components\DocketActivityReportPanel.qml","780","MouseArea","","","","onClicked","wired","False"
"Unclassified","src\qml\components\DocketActivityReportPanel.qml","809","MouseArea","","","","onClicked","wired","False"
"Unclassified","src\qml\components\DocketActivityReportPanel.qml","828","MouseArea","","","","onClicked","wired","False"
"Unclassified","src\qml\components\JellyCalendar.qml","303","Button","","""<""","","onClicked","wired","False"
"Unclassified","src\qml\components\JellyCalendar.qml","345","MouseArea","","","","onDoubleClicked","wired","False"
"Unclassified","src\qml\components\JellyCalendar.qml","367","MouseArea","","","","onDoubleClicked","wired","False"
"Unclassified","src\qml\components\JellyCalendar.qml","380","Button","",""">""","","onClicked","wired","False"
"Unclassified","src\qml\components\JellyCalendar.qml","401","Button","closeBtn","""\u00D7""","","onClicked","wired","False"
"Unclassified","src\qml\components\JellyCalendar.qml","505","MouseArea","","","","onClicked, onDoubleClicked","wired","False"
"Unclassified","src\qml\components\JellyCalendar.qml","619","MouseArea","","","","onClicked","wired","False"
"Unclassified","src\qml\components\JellyCalendar.qml","714","MouseArea","","","","onClicked","wired","False"
"Unclassified","src\qml\components\LaunchpadTuner.qml","51","MouseArea","","","","onPressed","wired","False"
"Unclassified","src\qml\components\LaunchpadTuner.qml","86","MouseArea","closeMouse","","","onClicked","wired","False"
"Unclassified","src\qml\components\LaunchpadTuner.qml","113","Button","","","","","unwired","False"
"Unclassified","src\qml\components\LaunchpadTuner.qml","114","Button","","","","","unwired","False"
"Unclassified","src\qml\components\LaunchpadTuner.qml","129","Button","","","","","unwired","False"
"Unclassified","src\qml\components\LaunchpadTuner.qml","130","Button","","","","","unwired","False"
"Unclassified","src\qml\components\LaunchpadTuner.qml","139","Button","","""RESET APP"";","","onClicked","wired","False"
"Unclassified","src\qml\components\LaunchpadTuner.qml","151","Button","","""LAUNCH ►"";","","onClicked","wired","False"
"Unclassified","src\qml\components\ModernComboBox.qml","5","ComboBox","control","control.editText","","onArrowColorChanged, onHeightChanged, onPaint, onTextChanged, onWidthChanged","wired","False"
"Unclassified","src\qml\components\ModernTextField.qml","5","TextField","control","","""""","","unwired","False"
"Unclassified","src\qml\components\PillButton.qml","5","Button","control","""Button""","","onHoveredChanged","wired","False"
"Unclassified","src\qml\components\PillCombo.qml","66","ComboBox","combo","combo.editText","","onActivated, onEditTextChanged, onTextEdited","wired","False"
"Unclassified","src\qml\components\PillTextField.qml","64","TextField","field","","root.placeholderText","onTextEdited","placeholder","True"
"Unclassified","src\qml\components\ThemePicker.qml","198","MouseArea","ma","","","onClicked","wired","False"
"Unclassified","src\qml\components\ThemePicker.qml","229","MouseArea","","","","onClicked","wired","False"
"Unclassified","src\qml\components\TileButton.qml","5","Button","b","b.text","","","unwired","False"
"Unclassified","src\qml\components\TileCard.qml","132","MouseArea","ma","","","onClicked","wired","False"
"Unclassified","src\qml\components\TitleBarButton.qml","4","Button","control","","","","unwired","False"
"Window Shell","src\qml\DetachedShellWindow.qml","6666","MouseArea","","","","onEntered","wired","False"
"Window Shell","src\qml\DetachedShellWindow.qml","6892","MouseArea","","","","onCanceled, onPositionChanged, onPressed, onReleased","wired","False"
"Window Shell","src\qml\DetachedShellWindow.qml","6908","MouseArea","","","","onCanceled, onPositionChanged, onPressed, onReleased","wired","False"
"Window Shell","src\qml\DetachedShellWindow.qml","6924","MouseArea","","","","onCanceled, onPositionChanged, onPressed, onReleased","wired","False"
"Window Shell","src\qml\DetachedShellWindow.qml","6940","MouseArea","","","","onCanceled, onPositionChanged, onPressed, onReleased","wired","False"
"Window Shell","src\qml\DetachedShellWindow.qml","6956","MouseArea","","","","onCanceled, onPositionChanged, onPressed, onReleased","wired","False"
"Window Shell","src\qml\DetachedShellWindow.qml","6972","MouseArea","","","","onCanceled, onPositionChanged, onPressed, onReleased","wired","False"
"Window Shell","src\qml\DetachedShellWindow.qml","6988","MouseArea","","","","onCanceled, onPositionChanged, onPressed, onReleased","wired","False"
"Window Shell","src\qml\DetachedShellWindow.qml","7004","MouseArea","","","","onCanceled, onPositionChanged, onPressed, onReleased","wired","False"
"Window Shell","src\qml\DetachedShellWindow.qml","7037","MouseArea","","","","onCanceled, onPositionChanged, onPressed, onReleased","wired","False"
"Window Shell","src\qml\DetachedShellWindow.qml","7589","MouseArea","","","","onClicked, onPressed","wired","False"
"Window Shell","src\qml\DetachedShellWindow.qml","7768","MouseArea","rowMouse","","","onClicked","wired","False"
"Window Shell","src\qml\DetachedShellWindow.qml","7798","PillButton","reviewWindowsButton","""Review Windows""","","onClicked","wired","False"
"Window Shell","src\qml\DetachedShellWindow.qml","7831","PillButton","saveAllExitButton","""Save All and Exit""","","onClicked","wired","False"
"Window Shell","src\qml\DetachedShellWindow.qml","7864","PillButton","exitWithoutSavingButton","""Exit Without Saving""","","onClicked","wired","False"
"Window Shell","src\qml\DetachedShellWindow.qml","7903","MouseArea","","","","onClicked, onPressed","wired","False"
"Window Shell","src\qml\DetachedShellWindow.qml","8091","PillButton","recoverWindowsButton","""Reopen Windows""","","onClicked","wired","False"
"Window Shell","src\qml\DetachedShellWindow.qml","8124","PillButton","resetRecoveredButton","""Reset to Default""","","onClicked","wired","False"
"Window Shell","src\qml\DetachedShellWindow.qml","8163","MouseArea","","","","onClicked, onPressed","wired","False"
"Window Shell","src\qml\DetachedShellWindow.qml","8264","PillButton","cancelButton","""Cancel""","","onClicked","wired","False"
"Window Shell","src\qml\DetachedShellWindow.qml","8298","PillButton","autoButton","""Auto Dock""","","onClicked","wired","False"
"Window Shell","src\qml\DetachedShellWindow.qml","8333","PillButton","focusButton","""Focus Main""","","onClicked","wired","False"
"Home Hub","src\qml\views\HomeGrid.qml","528","TextField","omniInput","","""Search clients, matters, invoices, deadlines, and reports""","onAccepted","wired","False"
"Home Hub","src\qml\views\HomeGrid.qml","1470","MouseArea","","","","onClicked","wired","False"
"Home Hub","src\qml\views\HomeGrid.qml","1494","MouseArea","","","","onClicked","wired","False"
"Main Module Host","src\qml\views\MainContent.qml","1503","TitleBarButton","","","","onClicked","wired","False"
"Main Module Host","src\qml\views\MainContent.qml","1519","TitleBarButton","","","","onClicked","wired","False"
"Main Module Host","src\qml\views\MainContent.qml","1537","TitleBarButton","","","","onClicked","wired","False"
"Main Module Host","src\qml\views\MainContent.qml","1553","TitleBarButton","closeButton","","","","unwired","False"
"Main Module Host","src\qml\views\MainContent.qml","2068","PillButton","","""Cancel""","","onClicked","wired","False"
"Placeholder Host (multi-lane)","src\qml\views\PlaceholderSubmenuView.qml","2603","ModernTextField","queryInput","""""","","onTextChanged","placeholder","True"
"Placeholder Host (multi-lane)","src\qml\views\PlaceholderSubmenuView.qml","2620","ModernTextField","ownerInput","""Assigned User""","","onTextChanged","placeholder","True"
"Placeholder Host (multi-lane)","src\qml\views\PlaceholderSubmenuView.qml","2633","ModernComboBox","statusCombo","","","onActivated, onEditTextChanged","placeholder","True"
"Placeholder Host (multi-lane)","src\qml\views\PlaceholderSubmenuView.qml","2647","ModernTextField","","String(root.activeNodeId || """")","","","placeholder","True"
"Placeholder Host (multi-lane)","src\qml\views\PlaceholderSubmenuView.qml","2678","ModernTextField","directorySearchInput","root.clientDirectoryQuery","","onTextChanged","placeholder","True"
"Placeholder Host (multi-lane)","src\qml\views\PlaceholderSubmenuView.qml","2692","PillButton","","""All""","","onClicked","placeholder","True"
"Placeholder Host (multi-lane)","src\qml\views\PlaceholderSubmenuView.qml","2706","PillButton","","""Active""","","onClicked","placeholder","True"
"Placeholder Host (multi-lane)","src\qml\views\PlaceholderSubmenuView.qml","2826","ModernComboBox","profileClientCombo","","","onActivated, onEditTextChanged","placeholder","True"
"Placeholder Host (multi-lane)","src\qml\views\PlaceholderSubmenuView.qml","2844","PillButton","","""Load Profile""","","onClicked","placeholder","True"
"Placeholder Host (multi-lane)","src\qml\views\PlaceholderSubmenuView.qml","2855","PillButton","","""Edit Client""","","onClicked","placeholder","True"
"Placeholder Host (multi-lane)","src\qml\views\PlaceholderSubmenuView.qml","2866","PillButton","","""Directory""","","onClicked","placeholder","True"
"Placeholder Host (multi-lane)","src\qml\views\PlaceholderSubmenuView.qml","3041","PillButton","","""Any""","","onClicked","placeholder","True"
"Placeholder Host (multi-lane)","src\qml\views\PlaceholderSubmenuView.qml","3052","PillButton","","""Boolean""","","onClicked","placeholder","True"
"Placeholder Host (multi-lane)","src\qml\views\PlaceholderSubmenuView.qml","3261","ModernTextField","matterDirectorySearchInput","root.matterDirectoryQuery","","onTextChanged","placeholder","True"
"Placeholder Host (multi-lane)","src\qml\views\PlaceholderSubmenuView.qml","3275","PillButton","","""All""","","onClicked","placeholder","True"
"Placeholder Host (multi-lane)","src\qml\views\PlaceholderSubmenuView.qml","3289","PillButton","","""Active""","","onClicked","placeholder","True"
"Placeholder Host (multi-lane)","src\qml\views\PlaceholderSubmenuView.qml","3409","ModernComboBox","profileMatterCombo","","","onActivated, onEditTextChanged","placeholder","True"
"Placeholder Host (multi-lane)","src\qml\views\PlaceholderSubmenuView.qml","3427","PillButton","","""Load Profile""","","onClicked","placeholder","True"
"Placeholder Host (multi-lane)","src\qml\views\PlaceholderSubmenuView.qml","3438","PillButton","","""Edit Matter""","","onClicked","placeholder","True"
"Placeholder Host (multi-lane)","src\qml\views\PlaceholderSubmenuView.qml","3449","PillButton","","""Directory""","","onClicked","placeholder","True"
"Placeholder Host (multi-lane)","src\qml\views\PlaceholderSubmenuView.qml","3651","ModernTextField","clientNameInput","","","onTextChanged","placeholder","True"
"Placeholder Host (multi-lane)","src\qml\views\PlaceholderSubmenuView.qml","3667","ModernTextField","legalNameInput","","","onTextChanged","placeholder","True"
"Placeholder Host (multi-lane)","src\qml\views\PlaceholderSubmenuView.qml","3687","ModernComboBox","entityTypeCombo","","","onActivated, onEditTextChanged","placeholder","True"
"Placeholder Host (multi-lane)","src\qml\views\PlaceholderSubmenuView.qml","3710","ModernComboBox","clientStatusCombo","","","onActivated, onEditTextChanged","placeholder","True"
"Placeholder Host (multi-lane)","src\qml\views\PlaceholderSubmenuView.qml","3724","ModernTextField","principalNameInput","","","onTextChanged","placeholder","True"
"Placeholder Host (multi-lane)","src\qml\views\PlaceholderSubmenuView.qml","3744","ModernTextField","principalPositionInput","","","onTextChanged","placeholder","True"
"Placeholder Host (multi-lane)","src\qml\views\PlaceholderSubmenuView.qml","3755","ModernTextField","primaryEmailInput","","","onTextChanged","placeholder","True"
"Placeholder Host (multi-lane)","src\qml\views\PlaceholderSubmenuView.qml","3771","ModernTextField","primaryPhoneInput","","","onEditingFinished, onTextChanged","placeholder","True"
"Placeholder Host (multi-lane)","src\qml\views\PlaceholderSubmenuView.qml","3783","ModernTextField","secondaryContactInput","","","onTextChanged","placeholder","True"
"Placeholder Host (multi-lane)","src\qml\views\PlaceholderSubmenuView.qml","3794","ModernTextField","secondaryPositionInput","","","onTextChanged","placeholder","True"
"Placeholder Host (multi-lane)","src\qml\views\PlaceholderSubmenuView.qml","3805","ModernTextField","secondaryEmailInput","","","onTextChanged","placeholder","True"
"Placeholder Host (multi-lane)","src\qml\views\PlaceholderSubmenuView.qml","3816","ModernTextField","secondaryPhoneInput","","","onEditingFinished, onTextChanged","placeholder","True"
"Placeholder Host (multi-lane)","src\qml\views\PlaceholderSubmenuView.qml","3828","ModernComboBox","parentClientCombo","","","onActivated, onEditTextChanged","placeholder","True"
"Placeholder Host (multi-lane)","src\qml\views\PlaceholderSubmenuView.qml","3841","ModernComboBox","onboardingCombo","","","onActivated, onEditTextChanged","placeholder","True"
"Placeholder Host (multi-lane)","src\qml\views\PlaceholderSubmenuView.qml","3855","ModernTextField","addressLine1Input","","","onTextChanged","placeholder","True"
"Placeholder Host (multi-lane)","src\qml\views\PlaceholderSubmenuView.qml","3866","ModernTextField","addressLine2Input","","","onTextChanged","placeholder","True"
"Placeholder Host (multi-lane)","src\qml\views\PlaceholderSubmenuView.qml","3877","ModernTextField","cityInput","","","onTextChanged","placeholder","True"
"Placeholder Host (multi-lane)","src\qml\views\PlaceholderSubmenuView.qml","3887","ModernTextField","stateProvinceInput","","","onTextChanged","placeholder","True"
"Placeholder Host (multi-lane)","src\qml\views\PlaceholderSubmenuView.qml","3897","ModernTextField","postalCodeInput","","","onTextChanged","placeholder","True"
"Placeholder Host (multi-lane)","src\qml\views\PlaceholderSubmenuView.qml","3907","ModernTextField","countryInput","","","onTextChanged","placeholder","True"
"Placeholder Host (multi-lane)","src\qml\views\PlaceholderSubmenuView.qml","3917","ModernTextField","websiteInput","","","onTextChanged","placeholder","True"
"Placeholder Host (multi-lane)","src\qml\views\PlaceholderSubmenuView.qml","3928","ModernTextField","taxIdInput","","","onTextChanged","placeholder","True"
"Placeholder Host (multi-lane)","src\qml\views\PlaceholderSubmenuView.qml","3939","ModernTextField","industryInput","","","onTextChanged","placeholder","True"
"Placeholder Host (multi-lane)","src\qml\views\PlaceholderSubmenuView.qml","3950","ModernTextField","billingEmailInput","","","onTextChanged","placeholder","True"
"Placeholder Host (multi-lane)","src\qml\views\PlaceholderSubmenuView.qml","3970","ModernComboBox","kycCombo","","","onActivated, onEditTextChanged","placeholder","True"
"Placeholder Host (multi-lane)","src\qml\views\PlaceholderSubmenuView.qml","3984","ModernComboBox","retainerRequiredCombo","","","onActivated, onEditTextChanged","placeholder","True"
"Placeholder Host (multi-lane)","src\qml\views\PlaceholderSubmenuView.qml","3998","ModernTextField","retainerAmountInput","""0.00""","","onTextChanged","placeholder","True"
"Placeholder Host (multi-lane)","src\qml\views\PlaceholderSubmenuView.qml","4010","ModernTextField","engagementStartInput","","","onTextChanged","placeholder","True"
"Placeholder Host (multi-lane)","src\qml\views\PlaceholderSubmenuView.qml","4020","MouseArea","","","","onClicked, onDoubleClicked","placeholder","True"
"Placeholder Host (multi-lane)","src\qml\views\PlaceholderSubmenuView.qml","4034","ModernTextField","dateClientAddedInput","Qt.formatDate(new Date(), ""yyyy-MM-dd"")","","onTextChanged","placeholder","True"
"Placeholder Host (multi-lane)","src\qml\views\PlaceholderSubmenuView.qml","4045","MouseArea","","","","onClicked, onDoubleClicked","placeholder","True"
"Placeholder Host (multi-lane)","src\qml\views\PlaceholderSubmenuView.qml","4059","ModernTextField","birthdayInput","","","onTextChanged","placeholder","True"
"Placeholder Host (multi-lane)","src\qml\views\PlaceholderSubmenuView.qml","4069","MouseArea","","","","onClicked, onDoubleClicked","placeholder","True"
"Placeholder Host (multi-lane)","src\qml\views\PlaceholderSubmenuView.qml","4083","ModernTextField","referralFromInput","","","onTextChanged","placeholder","True"
"Placeholder Host (multi-lane)","src\qml\views\PlaceholderSubmenuView.qml","4134","ModernTextField","matterNameInput","","","onTextChanged","placeholder","True"
"Placeholder Host (multi-lane)","src\qml\views\PlaceholderSubmenuView.qml","4150","ModernTextField","matterDisplayNameInput","","","onTextChanged","placeholder","True"
"Placeholder Host (multi-lane)","src\qml\views\PlaceholderSubmenuView.qml","4170","ModernTextField","matterNumberInput","","","onTextChanged","placeholder","True"
"Placeholder Host (multi-lane)","src\qml\views\PlaceholderSubmenuView.qml","4188","PillButton","","""Auto""","","onClicked","placeholder","True"
"Placeholder Host (multi-lane)","src\qml\views\PlaceholderSubmenuView.qml","4204","ModernComboBox","matterClientCombo","","","onActivated, onEditTextChanged","placeholder","True"
"Placeholder Host (multi-lane)","src\qml\views\PlaceholderSubmenuView.qml","4227","PillButton","","""New Client""","","onClicked","placeholder","True"
"Placeholder Host (multi-lane)","src\qml\views\PlaceholderSubmenuView.qml","4239","ModernComboBox","matterParentCombo","","","onActivated, onEditTextChanged","placeholder","True"
"Placeholder Host (multi-lane)","src\qml\views\PlaceholderSubmenuView.qml","4252","ModernComboBox","matterTypeCombo","","","onActivated, onEditTextChanged","placeholder","True"
"Placeholder Host (multi-lane)","src\qml\views\PlaceholderSubmenuView.qml","4276","ModernComboBox","matterStatusCombo","","","onActivated, onEditTextChanged","placeholder","True"
"Placeholder Host (multi-lane)","src\qml\views\PlaceholderSubmenuView.qml","4290","ModernTextField","matterPracticeAreaInput","","","onTextChanged","placeholder","True"
"Placeholder Host (multi-lane)","src\qml\views\PlaceholderSubmenuView.qml","4301","ModernTextField","matterResponsibleLawyerInput","","","onTextChanged","placeholder","True"
"Placeholder Host (multi-lane)","src\qml\views\PlaceholderSubmenuView.qml","4312","ModernComboBox","matterBillingArrangementCombo","","","onActivated, onEditTextChanged","placeholder","True"
"Placeholder Host (multi-lane)","src\qml\views\PlaceholderSubmenuView.qml","4336","ModernTextField","matterBillingContactInput","","","onTextChanged","placeholder","True"
"Placeholder Host (multi-lane)","src\qml\views\PlaceholderSubmenuView.qml","4347","ModernTextField","matterBillingEmailInput","","","onTextChanged","placeholder","True"
"Placeholder Host (multi-lane)","src\qml\views\PlaceholderSubmenuView.qml","4358","ModernTextField","matterDefaultRateInput","""475.00""","","onTextChanged","placeholder","True"
"Placeholder Host (multi-lane)","src\qml\views\PlaceholderSubmenuView.qml","4370","ModernTextField","matterDefaultShareInput","""100.00""","","onTextChanged","placeholder","True"
"Placeholder Host (multi-lane)","src\qml\views\PlaceholderSubmenuView.qml","4382","ModernTextField","matterDateOfEngagementInput","","","onTextChanged","placeholder","True"
"Placeholder Host (multi-lane)","src\qml\views\PlaceholderSubmenuView.qml","4392","MouseArea","","","","onClicked, onDoubleClicked","placeholder","True"
"Placeholder Host (multi-lane)","src\qml\views\PlaceholderSubmenuView.qml","4406","ModernTextField","matterDateOpenedInput","Qt.formatDate(new Date(), ""yyyy-MM-dd"")","","onTextChanged","placeholder","True"
"Placeholder Host (multi-lane)","src\qml\views\PlaceholderSubmenuView.qml","4422","MouseArea","","","","onClicked, onDoubleClicked","placeholder","True"
"Placeholder Host (multi-lane)","src\qml\views\PlaceholderSubmenuView.qml","4436","ModernTextField","matterDateClosedInput","","","onTextChanged","placeholder","True"
"Placeholder Host (multi-lane)","src\qml\views\PlaceholderSubmenuView.qml","4446","MouseArea","","","","onClicked, onDoubleClicked","placeholder","True"
"Placeholder Host (multi-lane)","src\qml\views\PlaceholderSubmenuView.qml","4460","ModernTextField","matterCourtFileInput","","","onTextChanged","placeholder","True"
"Placeholder Host (multi-lane)","src\qml\views\PlaceholderSubmenuView.qml","4471","ModernTextField","matterOpposingPartyInput","","","onTextChanged","placeholder","True"
"Placeholder Host (multi-lane)","src\qml\views\PlaceholderSubmenuView.qml","4482","ModernTextField","matterReferralFromInput","","","onTextChanged","placeholder","True"
"Placeholder Host (multi-lane)","src\qml\views\PlaceholderSubmenuView.qml","4496","TextArea","conflictNotesInput","","""Conflict check notes (optional)""","onTextChanged","placeholder","True"
"Placeholder Host (multi-lane)","src\qml\views\PlaceholderSubmenuView.qml","4520","TextArea","matterDescriptionInput","","""Matter description""","onTextChanged","placeholder","True"
"Placeholder Host (multi-lane)","src\qml\views\PlaceholderSubmenuView.qml","4544","TextArea","notesInput","","root.activeIsNewClientWizard()","onTextChanged","placeholder","True"
"Placeholder Host (multi-lane)","src\qml\views\PlaceholderSubmenuView.qml","4588","PillButton","","root.activeIsNewClientWizard()","","onClicked","placeholder","True"
"Placeholder Host (multi-lane)","src\qml\views\PlaceholderSubmenuView.qml","4615","PillButton","","""Export CSV""","","onClicked","placeholder","True"
"Placeholder Host (multi-lane)","src\qml\views\PlaceholderSubmenuView.qml","4631","PillButton","","root.detachedWindow ? ""Close"" : ""Cancel""","","onClicked","placeholder","True"
"Placeholder Host (multi-lane)","src\qml\views\PlaceholderSubmenuView.qml","4644","PillButton","","root.detachedWindow ? ""Return to Dock"" : ""Undock""","","onClicked","placeholder","True"
"Placeholder Host (multi-lane)","src\qml\views\PlaceholderSubmenuView.qml","4759","PillButton","","""Review""","","onClicked","placeholder","True"
"Placeholder Host (multi-lane)","src\qml\views\PlaceholderSubmenuView.qml","4770","PillButton","","""Save Anyway""","","onClicked","placeholder","True"
"Docketing & Deadlines","src\qml\views\TimeDocketView.qml","622","MouseArea","","","","onClicked, onPressed","wired","False"
"Docketing & Deadlines","src\qml\views\TimeDocketView.qml","1119","TextField","timerHms","","""HH:MM:SS""","onAccepted","wired","False"
"Docketing & Deadlines","src\qml\views\TimeDocketView.qml","1170","PillButton","","""Cancel""","","onClicked","wired","False"
"Docketing & Deadlines","src\qml\views\TimeDocketView.qml","1181","PillButton","applyBtn","""Apply""","","onClicked","wired","False"
"Docketing & Deadlines","src\qml\views\TimeDocketView.qml","1415","MouseArea","","","","onClicked","wired","False"
"Docketing & Deadlines","src\qml\views\TimeDocketView.qml","1424","PillButton","","root.isBucketLocked() ? ""Locked"" : (root.isRunning ? ""Stop"" : ""Start"")","","onClicked","wired","False"
"Docketing & Deadlines","src\qml\views\TimeDocketView.qml","1448","ModernTextField","dateInput","Qt.formatDate(new Date(), ""yyyy-MM-dd"")","","onTextChanged","wired","False"
"Docketing & Deadlines","src\qml\views\TimeDocketView.qml","1464","MouseArea","","","","onClicked, onDoubleClicked","wired","False"
"Docketing & Deadlines","src\qml\views\TimeDocketView.qml","1479","ModernTextField","timeInput","""0.0""","","onTextChanged, onTextEdited","wired","False"
"Docketing & Deadlines","src\qml\views\TimeDocketView.qml","1498","ModernComboBox","matterCombo","","","onActivated, onEditTextChanged","wired","False"
"Docketing & Deadlines","src\qml\views\TimeDocketView.qml","1522","ModernComboBox","clientCombo","","","onActivated, onEditTextChanged","wired","False"
"Docketing & Deadlines","src\qml\views\TimeDocketView.qml","1546","ModernComboBox","taskCombo","","","onActivated, onEditTextChanged","wired","False"
"Docketing & Deadlines","src\qml\views\TimeDocketView.qml","1560","TextArea","descInput","","""Enter detailed description...""","onTextChanged","wired","False"
"Docketing & Deadlines","src\qml\views\TimeDocketView.qml","1587","ModernTextField","rateInput","""475.00""","","onTextChanged","wired","False"
"Docketing & Deadlines","src\qml\views\TimeDocketView.qml","1602","ModernTextField","billInput","""100""","","onTextChanged","wired","False"
"Docketing & Deadlines","src\qml\views\TimeDocketView.qml","1617","ModernTextField","feesInput","""$0.00""","","","unwired","False"
"Docketing & Deadlines","src\qml\views\TimeDocketView.qml","1719","PillButton","","""Set Draft""","","onClicked","wired","False"
"Docketing & Deadlines","src\qml\views\TimeDocketView.qml","1731","PillButton","","""Mark Ready""","","onClicked","wired","False"
"Docketing & Deadlines","src\qml\views\TimeDocketView.qml","1743","PillButton","","""Mark Billed""","","onClicked","wired","False"
"Docketing & Deadlines","src\qml\views\TimeDocketView.qml","1755","PillButton","","""Save Docket""","","onClicked","wired","False"
"Docketing & Deadlines","src\qml\views\TimeDocketView.qml","1767","PillButton","","root.detachedWindow ? ""Close"" : ""Cancel""","","onClicked","wired","False"
"Docketing & Deadlines","src\qml\views\TimeDocketView.qml","1780","PillButton","","root.detachedWindow ? ""Return to Dock"" : ""Undock""","","onClicked","wired","False"
"Docketing & Deadlines","src\qml\views\TimeDocketView.qml","1804","PillButton","","root.detachedWindow ? ""Close"" : ""Cancel""","","onClicked","wired","False"
"Docketing & Deadlines","src\qml\views\TimeDocketView.qml","1817","PillButton","","root.detachedWindow ? ""Return to Dock"" : ""Undock""","","onClicked","wired","False"
"Docketing & Deadlines","src\qml\views\TimeDocketView.qml","1886","PillButton","","""Switch Here""","","onClicked","wired","False"
"Docketing & Deadlines","src\qml\views\TimeDocketView.qml","1898","PillButton","","""Open Docket""","","onClicked","wired","False"
"Docketing & Deadlines","src\qml\views\TimeDocketView.qml","1916","PillButton","","""Cancel""","","onClicked","wired","False"
"Docketing & Deadlines","src\qml\views\TimeDocketView.qml","1968","PillButton","","""Create Matter""","","onClicked","wired","False"
"Docketing & Deadlines","src\qml\views\TimeDocketView.qml","1988","PillButton","","""Choose Matter""","","onClicked","wired","False"
"Docketing & Deadlines","src\qml\views\TimeDocketView.qml","2006","PillButton","","""Client-only Draft""","","onClicked","wired","False"
"Docketing & Deadlines","src\qml\views\TimeDocketView.qml","2019","PillButton","","""Cancel""","","onClicked","wired","False"
"Billing, Payments & Tax","src\qml\views\TransactionsMasterView.qml","350","ModernTextField","","","","","unwired","False"
"Billing, Payments & Tax","src\qml\views\TransactionsMasterView.qml","351","ModernComboBox","classCombo","","","onActivated, onEditTextChanged","wired","False"
"Billing, Payments & Tax","src\qml\views\TransactionsMasterView.qml","363","ModernComboBox","typeCombo","","","onActivated, onEditTextChanged","wired","False"
"Billing, Payments & Tax","src\qml\views\TransactionsMasterView.qml","375","ModernTextField","","","","","unwired","False"
"Billing, Payments & Tax","src\qml\views\TransactionsMasterView.qml","377","ModernComboBox","","","","","unwired","False"
"Billing, Payments & Tax","src\qml\views\TransactionsMasterView.qml","378","ModernComboBox","","","","","unwired","False"
"Billing, Payments & Tax","src\qml\views\TransactionsMasterView.qml","379","ModernComboBox","statusCombo","","","onActivated, onEditTextChanged","wired","False"
"Billing, Payments & Tax","src\qml\views\TransactionsMasterView.qml","392","ModernComboBox","","","","","unwired","False"
"Billing, Payments & Tax","src\qml\views\TransactionsMasterView.qml","393","ModernComboBox","","","","","unwired","False"
"Billing, Payments & Tax","src\qml\views\TransactionsMasterView.qml","395","ModernComboBox","","","","","unwired","False"
"Billing, Payments & Tax","src\qml\views\TransactionsMasterView.qml","396","ModernComboBox","","","","","unwired","False"
"Billing, Payments & Tax","src\qml\views\TransactionsMasterView.qml","398","ModernTextField","","","","","unwired","False"
"Billing, Payments & Tax","src\qml\views\TransactionsMasterView.qml","399","ModernTextField","","","","","unwired","False"
"Billing, Payments & Tax","src\qml\views\TransactionsMasterView.qml","400","ModernComboBox","","","","","unwired","False"
"Billing, Payments & Tax","src\qml\views\TransactionsMasterView.qml","401","ModernComboBox","hstExemptCombo","","","onActivated, onEditTextChanged","wired","False"
"Billing, Payments & Tax","src\qml\views\TransactionsMasterView.qml","415","ModernComboBox","generalOfficeCombo","","","onActivated, onEditTextChanged","wired","False"
"Billing, Payments & Tax","src\qml\views\TransactionsMasterView.qml","429","ModernComboBox","","","","","unwired","False"
"Billing, Payments & Tax","src\qml\views\TransactionsMasterView.qml","430","ModernComboBox","","","","","unwired","False"
"Billing, Payments & Tax","src\qml\views\TransactionsMasterView.qml","432","ModernComboBox","","","","","unwired","False"
"Billing, Payments & Tax","src\qml\views\TransactionsMasterView.qml","433","ModernComboBox","","","","","unwired","False"
"Billing, Payments & Tax","src\qml\views\TransactionsMasterView.qml","434","ModernComboBox","","","","","unwired","False"
"Billing, Payments & Tax","src\qml\views\TransactionsMasterView.qml","435","ModernTextField","","","","","unwired","False"
"Billing, Payments & Tax","src\qml\views\TransactionsMasterView.qml","436","ModernTextField","","","","","unwired","False"
"Billing, Payments & Tax","src\qml\views\TransactionsMasterView.qml","438","ModernTextField","","","","","unwired","False"
"Billing, Payments & Tax","src\qml\views\TransactionsMasterView.qml","439","ModernTextField","","","","","unwired","False"
"Billing, Payments & Tax","src\qml\views\TransactionsMasterView.qml","442","TextArea","expenseDetailsInput","","""Expense details""","onTextChanged","wired","False"
"Billing, Payments & Tax","src\qml\views\TransactionsMasterView.qml","452","TextArea","notesInput","","""Notes""","onTextChanged","wired","False"
"Billing, Payments & Tax","src\qml\views\TransactionsMasterView.qml","466","PillButton","","","","","unwired","False"
"Billing, Payments & Tax","src\qml\views\TransactionsMasterView.qml","467","PillButton","","","","","unwired","False"
